time,event
2024-03-20T08:15:00,Signal
2024-03-20T09:34:40,Signal
2024-03-20T12:26:56,Signal
2024-03-20T13:14:00,Signal
2024-03-20T13:56:26,Signal
2024-03-20T14:00:07,Signal
2024-03-20T14:00:32,Signal
2024-03-20T14:02:45,Signal
2024-03-20T14:07:30,Signal
2024-03-20T14:20:52,Signal
2024-03-20T14:36:06,Signal
2024-03-20T14:44:05,Signal
2024-03-20T14:50:58,Signal
2024-03-20T14:56:26,Signal
2024-03-20T15:13:25,Signal
2024-03-20T15:42:16,Signal
2024-03-20T16:59:59,Signal
2024-03-20T21:00:03,Signal
2024-03-21T04:05:44,Signal
2024-03-21T09:33:14,Signal
2024-03-21T09:42:46,Signal
2024-03-21T10:08:50,Signal
2024-03-21T10:44:30,Signal
2024-03-21T11:16:19,Signal
2024-03-21T14:21:32,Signal
2024-03-21T14:45:30,Signal
2024-03-21T15:35:14,Signal
2024-03-21T16:23:18,Signal
2024-03-22T00:01:29,Signal
2024-03-22T03:01:18,Signal
2024-03-22T05:26:43,Signal
2024-03-22T08:44:28,Signal
2024-03-22T09:52:52,Signal
2024-03-22T10:10:45,Signal
2024-03-22T11:02:36,Signal
2024-03-22T12:15:37,Signal
2024-03-22T14:16:16,Signal
2024-03-24T19:47:47,Signal
2024-03-25T04:34:32,Signal
2024-03-25T08:23:37,Signal
2024-03-25T09:33:12,Signal
2024-03-25T09:46:31,Signal
2024-03-25T12:03:19,Signal
2024-03-25T15:11:00,Signal
2024-03-25T16:59:59,Signal
2024-03-26T03:46:44,Signal
2024-03-26T08:30:13,Signal
2024-03-26T10:11:07,Signal
2024-03-26T10:59:14,Signal
2024-03-26T14:27:45,Signal
2024-03-26T16:00:39,Signal
2024-03-27T08:28:38,Signal
2024-03-27T09:32:08,Signal
2024-03-27T10:05:19,Signal
2024-03-27T10:13:44,Signal
2024-03-27T10:25:42,Signal
2024-03-27T10:49:27,Signal
2024-03-27T13:06:17,Signal
2024-03-27T14:39:01,Signal
2024-03-27T15:27:53,Signal
2024-03-27T16:59:58,Signal
2024-03-28T06:08:00,Signal
2024-03-28T08:32:37,Signal
2024-03-28T09:36:50,Signal
2024-03-28T10:08:29,Signal
2024-03-28T14:12:02,Signal
2024-03-28T15:05:06,Signal
2024-03-28T16:59:59,Signal
2024-03-31T18:00:00,Signal
2024-03-31T22:04:15,Signal
2024-04-01T09:32:20,Signal
2024-04-01T10:08:25,Signal
2024-04-01T10:24:28,Signal
2024-04-01T10:44:53,Signal
2024-04-01T11:23:56,Signal
2024-04-01T12:04:25,Signal
2024-04-01T16:59:59,Signal
2024-04-02T02:26:53,Signal
2024-04-02T03:24:03,Signal
2024-04-02T04:00:59,Signal
2024-04-02T09:37:18,Signal
2024-04-02T09:59:59,Signal
2024-04-02T10:00:43,Signal
2024-04-02T10:06:33,Signal
2024-04-02T10:22:11,Signal
2024-04-02T11:44:24,Signal
2024-04-02T13:38:48,Signal
2024-04-02T15:14:55,Signal
2024-04-02T16:59:59,Signal
2024-04-03T03:01:34,Signal
2024-04-03T03:54:14,Signal
2024-04-03T05:27:10,Signal
2024-04-03T07:03:11,Signal
2024-04-03T08:21:52,Signal
2024-04-03T09:31:25,Signal
2024-04-03T10:09:07,Signal
2024-04-03T11:50:36,Signal
2024-04-03T12:40:47,Signal
2024-04-03T15:15:53,Signal
2024-04-03T19:33:28,Signal
2024-04-04T03:23:54,Signal
2024-04-04T09:39:38,Signal
2024-04-04T14:33:08,Signal
2024-04-04T14:45:29,Signal
2024-04-04T15:03:35,Signal
2024-04-04T15:05:18,Signal
2024-04-04T15:20:32,Signal
2024-04-04T15:33:05,Signal
2024-04-04T15:45:09,Signal
2024-04-04T16:01:19,Signal
2024-04-04T16:59:59,Signal
2024-04-04T18:23:01,Signal
2024-04-04T20:40:06,Signal
2024-04-05T08:30:01,Signal
2024-04-05T08:33:01,Signal
2024-04-05T08:35:30,Signal
2024-04-05T08:39:38,Signal
2024-04-05T08:46:50,Signal
2024-04-05T09:00:46,Signal
2024-04-05T09:41:01,Signal
2024-04-05T10:07:05,Signal
2024-04-05T10:09:30,Signal
2024-04-05T10:18:40,Signal
2024-04-05T11:04:49,Signal
2024-04-05T12:31:31,Signal
2024-04-05T13:06:09,Signal
2024-04-05T14:04:47,Signal
2024-04-05T14:23:56,Signal
2024-04-05T15:01:02,Signal
2024-04-05T15:58:14,Signal
2024-04-07T18:01:31,Signal
2024-04-08T01:03:03,Signal
2024-04-08T03:30:09,Signal
2024-04-08T04:16:49,Signal
2024-04-08T04:32:19,Signal
2024-04-08T06:13:10,Signal
2024-04-08T07:31:33,Signal
2024-04-08T09:28:06,Signal
2024-04-08T09:41:37,Signal
2024-04-08T10:03:55,Signal
2024-04-08T10:08:50,Signal
2024-04-08T10:41:24,Signal
2024-04-08T11:02:07,Signal
2024-04-08T11:10:17,Signal
2024-04-08T12:27:52,Signal
2024-04-08T14:38:31,Signal
2024-04-08T15:41:52,Signal
2024-04-09T00:47:13,Signal
2024-04-09T03:39:33,Signal
2024-04-09T04:03:44,Signal
2024-04-09T06:52:14,Signal
2024-04-09T09:33:44,Signal
2024-04-09T10:13:49,Signal
2024-04-09T10:25:39,Signal
2024-04-09T10:33:02,Signal
2024-04-09T10:45:26,Signal
2024-04-09T10:57:57,Signal
2024-04-09T11:24:21,Signal
2024-04-09T15:37:57,Signal
2024-04-09T16:59:59,Signal
2024-04-10T05:33:40,Signal
2024-04-10T06:54:18,Signal
2024-04-10T08:29:50,Signal
2024-04-10T08:30:04,Signal
2024-04-10T08:32:11,Signal
2024-04-10T08:32:51,Signal
2024-04-10T08:37:47,Signal
2024-04-10T08:42:32,Signal
2024-04-10T08:51:01,Signal
2024-04-10T08:55:12,Signal
2024-04-10T09:37:25,Signal
2024-04-10T09:41:49,Signal
2024-04-10T09:45:07,Signal
2024-04-10T09:59:11,Signal
2024-04-10T10:05:30,Signal
2024-04-10T10:21:37,Signal
2024-04-10T10:35:52,Signal
2024-04-10T10:43:09,Signal
2024-04-10T11:21:08,Signal
2024-04-10T12:03:28,Signal
2024-04-10T13:14:54,Signal
2024-04-10T13:43:18,Signal
2024-04-10T14:17:47,Signal
2024-04-10T14:20:25,Signal
2024-04-10T14:38:31,Signal
2024-04-10T14:52:32,Signal
2024-04-10T15:08:00,Signal
2024-04-10T15:29:07,Signal
2024-04-10T15:50:38,Signal
2024-04-10T20:02:25,Signal
2024-04-11T08:09:13,Signal
2024-04-11T08:30:01,Signal
2024-04-11T08:30:05,Signal
2024-04-11T08:30:10,Signal
2024-04-11T08:42:44,Signal
2024-04-11T08:48:31,Signal
2024-04-11T09:27:40,Signal
2024-04-11T09:41:14,Signal
2024-04-11T10:59:33,Signal
2024-04-11T11:07:45,Signal
2024-04-11T11:26:14,Signal
2024-04-11T11:44:43,Signal
2024-04-11T12:28:13,Signal
2024-04-11T13:41:41,Signal
2024-04-11T14:53:06,Signal
2024-04-11T15:59:31,Signal
2024-04-12T02:19:52,Signal
2024-04-12T07:01:13,Signal
2024-04-12T09:18:11,Signal
2024-04-12T09:31:38,Signal
2024-04-12T10:00:19,Signal
2024-04-12T10:10:27,Signal
2024-04-12T10:17:46,Signal
2024-04-12T10:27:33,Signal
2024-04-12T11:01:29,Signal
2024-04-12T13:06:34,Signal
2024-04-12T13:42:14,Signal
2024-04-12T14:42:35,Signal
2024-04-12T15:04:07,Signal
2024-04-12T15:52:41,Signal
2024-04-14T18:00:00,Signal
2024-04-14T18:03:19,Signal
2024-04-14T20:04:43,Signal
2024-04-15T03:15:38,Signal
2024-04-15T05:22:52,Signal
2024-04-15T08:30:00,Signal
2024-04-15T08:50:13,Signal
2024-04-15T09:30:06,Signal
2024-04-15T09:39:13,Signal
2024-04-15T09:58:13,Signal
2024-04-15T10:04:16,Signal
2024-04-15T10:13:09,Signal
2024-04-15T10:34:18,Signal
2024-04-15T10:40:52,Signal
2024-04-15T11:03:27,Signal
2024-04-15T11:27:56,Signal
2024-04-15T12:17:09,Signal
2024-04-15T13:03:56,Signal
2024-04-15T13:31:26,Signal
2024-04-15T13:38:42,Signal
2024-04-15T13:41:20,Signal
2024-04-15T13:52:53,Signal
2024-04-15T14:20:49,Signal
2024-04-15T14:39:41,Signal
2024-04-15T14:58:16,Signal
2024-04-15T15:21:04,Signal
2024-04-15T15:59:30,Signal
2024-04-15T19:36:51,Signal
2024-04-15T21:08:49,Signal
2024-04-15T22:33:39,Signal
2024-04-15T22:41:28,Signal
2024-04-16T05:22:10,Signal
2024-04-16T06:32:11,Signal
2024-04-16T08:06:07,Signal
2024-04-16T09:37:02,Signal
2024-04-16T09:38:52,Signal
2024-04-16T09:49:30,Signal
2024-04-16T10:17:31,Signal
2024-04-16T11:58:31,Signal
2024-04-16T12:08:43,Signal
2024-04-16T12:57:25,Signal
2024-04-16T13:08:09,Signal
2024-04-16T13:31:18,Signal
2024-04-16T13:32:12,Signal
2024-04-16T13:44:11,Signal
2024-04-16T14:13:07,Signal
2024-04-16T14:25:02,Signal
2024-04-16T15:04:21,Signal
2024-04-16T15:38:55,Signal
2024-04-16T16:59:59,Signal
2024-04-16T20:13:06,Signal
2024-04-17T02:04:53,Signal
2024-04-17T07:20:24,Signal
2024-04-17T08:37:04,Signal
2024-04-17T09:30:20,Signal
2024-04-17T09:47:04,Signal
2024-04-17T10:07:51,Signal
2024-04-17T10:14:16,Signal
2024-04-17T10:25:02,Signal
2024-04-17T10:35:00,Signal
2024-04-17T10:55:31,Signal
2024-04-17T11:43:46,Signal
2024-04-17T12:11:04,Signal
2024-04-17T12:49:07,Signal
2024-04-17T13:26:26,Signal
2024-04-17T13:43:08,Signal
2024-04-17T13:52:24,Signal
2024-04-17T14:10:36,Signal
2024-04-17T14:39:27,Signal
2024-04-17T14:48:14,Signal
2024-04-17T15:33:33,Signal
2024-04-17T15:51:08,Signal
2024-04-17T16:03:11,Signal
2024-04-18T07:14:03,Signal
2024-04-18T08:30:54,Signal
2024-04-18T08:48:43,Signal
2024-04-18T09:41:02,Signal
2024-04-18T09:51:58,Signal
2024-04-18T10:04:05,Signal
2024-04-18T10:58:51,Signal
2024-04-18T11:29:02,Signal
2024-04-18T12:36:27,Signal
2024-04-18T13:28:38,Signal
2024-04-18T14:13:42,Signal
2024-04-18T14:28:34,Signal
2024-04-18T15:53:04,Signal
2024-04-18T16:00:00,Signal
2024-04-18T16:00:41,Signal
2024-04-18T19:55:49,Signal
2024-04-18T21:31:16,Signal
2024-04-18T21:40:33,Signal
2024-04-18T21:56:09,Signal
2024-04-18T22:06:18,Signal
2024-04-18T22:17:13,Signal
2024-04-18T22:21:22,Signal
2024-04-18T22:41:59,Signal
2024-04-18T22:46:59,Signal
2024-04-18T23:16:01,Signal
2024-04-19T00:54:09,Signal
2024-04-19T05:51:43,Signal
2024-04-19T07:49:28,Signal
2024-04-19T08:43:22,Signal
2024-04-19T09:31:54,Signal
2024-04-19T09:41:50,Signal
2024-04-19T09:52:53,Signal
2024-04-19T10:12:42,Signal
2024-04-19T10:16:44,Signal
2024-04-19T10:22:27,Signal
2024-04-19T10:29:49,Signal
2024-04-19T10:34:29,Signal
2024-04-19T10:47:07,Signal
2024-04-19T10:57:00,Signal
2024-04-19T11:37:48,Signal
2024-04-19T12:01:15,Signal
2024-04-19T12:42:53,Signal
2024-04-19T13:22:46,Signal
2024-04-19T13:56:35,Signal
2024-04-19T14:07:39,Signal
2024-04-19T14:49:21,Signal
2024-04-19T15:07:20,Signal
2024-04-19T15:15:28,Signal
2024-04-19T15:32:03,Signal
2024-04-19T15:47:35,Signal
2024-04-21T20:39:07,Signal
2024-04-22T03:11:06,Signal
2024-04-22T06:39:24,Signal
2024-04-22T08:37:38,Signal
2024-04-22T09:41:00,Signal
2024-04-22T09:42:41,Signal
2024-04-22T09:58:41,Signal
2024-04-22T10:30:42,Signal
2024-04-22T11:17:07,Signal
2024-04-22T11:43:17,Signal
2024-04-22T12:23:20,Signal
2024-04-22T13:56:04,Signal
2024-04-22T14:39:39,Signal
2024-04-22T15:44:21,Signal
2024-04-22T15:59:52,Signal
2024-04-22T18:15:11,Signal
2024-04-22T19:16:38,Signal
2024-04-23T05:33:41,Signal
2024-04-23T06:16:10,Signal
2024-04-23T07:30:31,Signal
2024-04-23T09:34:10,Signal
2024-04-23T09:44:04,Signal
2024-04-23T09:49:33,Signal
2024-04-23T09:56:48,Signal
2024-04-23T10:13:56,Signal
2024-04-23T10:45:19,Signal
2024-04-23T11:01:31,Signal
2024-04-23T11:10:24,Signal
2024-04-23T11:32:38,Signal
2024-04-23T12:55:35,Signal
2024-04-23T13:21:36,Signal
2024-04-23T14:53:43,Signal
2024-04-23T16:03:11,Signal
2024-04-23T16:59:58,Signal
2024-04-23T18:09:52,Signal
2024-04-23T20:02:41,Signal
2024-04-24T02:46:11,Signal
2024-04-24T08:37:11,Signal
2024-04-24T09:53:57,Signal
2024-04-24T09:58:46,Signal
2024-04-24T11:27:54,Signal
2024-04-24T12:04:40,Signal
2024-04-24T12:29:22,Signal
2024-04-24T12:52:22,Signal
2024-04-24T15:09:29,Signal
2024-04-24T16:05:17,Signal
2024-04-24T16:06:41,Signal
2024-04-24T16:08:18,Signal
2024-04-24T16:28:00,Signal
2024-04-24T16:50:18,Signal
2024-04-24T18:02:58,Signal
2024-04-24T21:47:04,Signal
2024-04-25T02:46:15,Signal
2024-04-25T08:05:58,Signal
2024-04-25T08:30:11,Signal
2024-04-25T08:30:19,Signal
2024-04-25T08:31:15,Signal
2024-04-25T08:33:14,Signal
2024-04-25T09:23:17,Signal
2024-04-25T09:31:14,Signal
2024-04-25T09:35:42,Signal
2024-04-25T09:50:00,Signal
2024-04-25T10:04:21,Signal
2024-04-25T10:33:01,Signal
2024-04-25T11:00:39,Signal
2024-04-25T11:32:05,Signal
2024-04-25T13:07:53,Signal
2024-04-25T14:02:55,Signal
2024-04-25T14:25:05,Signal
2024-04-25T14:58:26,Signal
2024-04-25T16:05:53,Signal
2024-04-25T16:16:59,Signal
2024-04-25T16:37:32,Signal
2024-04-25T16:59:59,Signal
2024-04-25T18:00:15,Signal
2024-04-25T18:42:09,Signal
2024-04-25T21:32:29,Signal
2024-04-26T01:07:22,Signal
2024-04-26T03:00:46,Signal
2024-04-26T03:42:11,Signal
2024-04-26T06:20:29,Signal
2024-04-26T08:30:04,Signal
2024-04-26T08:30:16,Signal
2024-04-26T08:30:52,Signal
2024-04-26T08:32:33,Signal
2024-04-26T08:35:59,Signal
2024-04-26T08:43:49,Signal
2024-04-26T08:58:03,Signal
2024-04-26T09:30:26,Signal
2024-04-26T09:33:39,Signal
2024-04-26T10:21:39,Signal
2024-04-26T10:46:09,Signal
2024-04-26T10:51:34,Signal
2024-04-26T11:10:20,Signal
2024-04-26T11:18:15,Signal
2024-04-26T13:40:50,Signal
2024-04-26T16:59:59,Signal
2024-04-29T02:51:51,Signal
2024-04-29T09:37:00,Signal
2024-04-29T09:47:40,Signal
2024-04-29T10:38:22,Signal
2024-04-29T10:44:01,Signal
2024-04-29T12:41:52,Signal
2024-04-29T14:00:16,Signal
2024-04-29T14:41:00,Signal
2024-04-29T15:08:06,Signal
2024-04-30T06:49:42,Signal
2024-04-30T08:35:07,Signal
2024-04-30T09:02:15,Signal
2024-04-30T09:38:14,Signal
2024-04-30T09:46:53,Signal
2024-04-30T10:03:32,Signal
2024-04-30T10:15:14,Signal
2024-04-30T11:18:37,Signal
2024-04-30T11:55:48,Signal
2024-04-30T12:31:17,Signal
2024-04-30T12:59:15,Signal
2024-04-30T13:22:47,Signal
2024-04-30T15:02:38,Signal
2024-04-30T15:28:09,Signal
2024-04-30T16:00:55,Signal
2024-04-30T16:01:00,Signal
2024-04-30T16:01:24,Signal
2024-04-30T16:05:00,Signal
2024-04-30T16:05:24,Signal
2024-04-30T16:15:35,Signal
2024-04-30T16:19:36,Signal
2024-04-30T18:00:33,Signal
2024-04-30T19:34:10,Signal
2024-05-01T02:07:40,Signal
2024-05-01T03:22:01,Signal
2024-05-01T04:05:48,Signal
2024-05-01T05:52:38,Signal
2024-05-01T06:46:35,Signal
2024-05-01T08:30:13,Signal
2024-05-01T09:30:00,Signal
2024-05-01T09:35:44,Signal
2024-05-01T10:00:02,Signal
2024-05-01T10:01:06,Signal
2024-05-01T10:14:10,Signal
2024-05-01T11:22:33,Signal
2024-05-01T12:04:33,Signal
2024-05-01T13:41:17,Signal
2024-05-01T14:00:23,Signal
2024-05-01T14:01:20,Signal
2024-05-01T14:05:27,Signal
2024-05-01T14:31:03,Signal
2024-05-01T14:40:07,Signal
2024-05-01T14:43:09,Signal
2024-05-01T14:45:14,Signal
2024-05-01T14:47:48,Signal
2024-05-01T14:51:16,Signal
2024-05-01T14:52:55,Signal
2024-05-01T14:56:21,Signal
2024-05-01T14:57:51,Signal
2024-05-01T15:02:49,Signal
2024-05-01T15:05:46,Signal
2024-05-01T15:16:03,Signal
2024-05-01T15:23:33,Signal
2024-05-01T15:33:19,Signal
2024-05-01T15:39:58,Signal
2024-05-01T16:00:11,Signal
2024-05-02T04:48:01,Signal
2024-05-02T06:25:37,Signal
2024-05-02T07:32:14,Signal
2024-05-02T08:32:11,Signal
2024-05-02T08:54:18,Signal
2024-05-02T09:38:33,Signal
2024-05-02T09:42:06,Signal
2024-05-02T09:54:46,Signal
2024-05-02T10:03:58,Signal
2024-05-02T10:10:37,Signal
2024-05-02T10:36:46,Signal
2024-05-02T12:09:38,Signal
2024-05-02T12:39:51,Signal
2024-05-02T13:33:43,Signal
2024-05-02T14:17:54,Signal
2024-05-02T15:03:57,Signal
2024-05-02T15:12:47,Signal
2024-05-02T16:14:00,Signal
2024-05-02T16:30:04,Signal
2024-05-02T16:30:07,Signal
2024-05-02T16:59:59,Signal
2024-05-02T18:17:19,Signal
2024-05-03T04:01:18,Signal
2024-05-03T08:29:50,Signal
2024-05-03T08:30:02,Signal
2024-05-03T08:37:18,Signal
2024-05-03T09:31:47,Signal
2024-05-03T09:51:12,Signal
2024-05-03T10:00:10,Signal
2024-05-03T10:02:20,Signal
2024-05-03T10:05:35,Signal
2024-05-03T10:09:58,Signal
2024-05-03T10:17:28,Signal
2024-05-03T10:22:21,Signal
2024-05-03T10:27:44,Signal
2024-05-03T11:16:30,Signal
2024-05-03T12:52:07,Signal
2024-05-03T14:55:38,Signal
2024-05-05T18:00:45,Signal
2024-05-06T02:27:23,Signal
2024-05-06T09:31:00,Signal
2024-05-06T09:41:57,Signal
2024-05-06T10:17:46,Signal
2024-05-06T12:14:28,Signal
2024-05-06T12:32:26,Signal
2024-05-06T13:11:14,Signal
2024-05-06T16:59:59,Signal
2024-05-07T05:47:35,Signal
2024-05-07T08:44:39,Signal
2024-05-07T09:49:39,Signal
2024-05-07T11:34:39,Signal
2024-05-07T13:43:04,Signal
2024-05-07T14:05:19,Signal
2024-05-07T14:51:19,Signal
2024-05-07T15:55:19,Signal
2024-05-07T20:02:48,Signal
2024-05-08T00:33:31,Signal
2024-05-08T05:27:54,Signal
2024-05-08T09:31:08,Signal
2024-05-08T13:44:34,Signal
2024-05-08T15:00:13,Signal
2024-05-08T16:04:15,Signal
2024-05-08T16:59:59,Signal
2024-05-09T03:07:01,Signal
2024-05-09T06:02:03,Signal
2024-05-09T09:31:51,Signal
2024-05-09T11:43:06,Signal
2024-05-09T15:16:22,Signal
2024-05-10T03:47:30,Signal
2024-05-10T07:53:24,Signal
2024-05-10T10:00:03,Signal
2024-05-10T10:41:56,Signal
2024-05-10T10:58:55,Signal
2024-05-10T13:08:40,Signal
2024-05-10T14:34:16,Signal
2024-05-10T16:45:01,Signal
2024-05-20T08:40:45,Signal
2024-05-20T10:57:50,Signal
2024-05-20T13:26:16,Signal
2024-05-20T16:59:59,Signal
2024-05-21T07:07:36,Signal
2024-05-21T08:30:00,Signal
2024-05-21T09:34:08,Signal
2024-05-21T12:57:33,Signal
2024-05-21T16:59:59,Signal
2024-05-22T03:07:12,Signal
2024-05-22T09:41:11,Signal
2024-05-22T10:07:13,Signal
2024-05-22T11:50:26,Signal
2024-05-22T12:08:43,Signal
2024-05-22T13:15:52,Signal
2024-05-22T14:01:03,Signal
2024-05-22T14:04:39,Signal
2024-05-22T14:23:06,Signal
2024-05-22T14:47:20,Signal
2024-05-22T15:19:18,Signal
2024-05-22T15:39:54,Signal
2024-05-22T16:11:29,Signal
2024-05-22T16:20:21,Signal
2024-05-22T16:20:38,Signal
2024-05-22T16:21:35,Signal
2024-05-22T16:31:19,Signal
2024-05-22T16:35:05,Signal
2024-05-22T18:00:00,Signal
2024-05-23T02:27:06,Signal
2024-05-23T09:10:40,Signal
2024-05-23T10:00:33,Signal
2024-05-23T11:01:00,Signal
2024-05-23T12:07:35,Signal
2024-05-23T13:28:54,Signal
2024-05-23T13:40:29,Signal
2024-05-23T14:08:28,Signal
2024-05-23T14:18:51,Signal
2024-05-23T14:26:35,Signal
2024-05-23T14:37:19,Signal
2024-05-23T15:01:31,Signal
2024-05-23T15:09:18,Signal
2024-05-24T02:03:00,Signal
2024-05-24T08:20:21,Signal
2024-05-24T08:55:11,Signal
2024-05-24T09:34:08,Signal
2024-05-24T09:38:38,Signal
2024-05-24T09:48:57,Signal
2024-05-24T13:26:18,Signal
2024-05-24T14:24:59,Signal
2024-05-24T15:06:56,Signal
2024-05-27T01:04:35,Signal
2024-05-27T09:55:22,Signal
2024-05-27T12:59:59,Signal
2024-05-28T06:19:11,Signal
2024-05-28T10:38:00,Signal
2024-05-28T11:06:14,Signal
2024-05-28T12:20:10,Signal
2024-05-28T13:02:00,Signal
2024-05-28T14:06:29,Signal
2024-05-28T14:55:12,Signal
2024-05-28T16:59:56,Signal
2024-05-29T04:04:30,Signal
2024-05-29T06:12:09,Signal
2024-05-29T07:52:27,Signal
2024-05-29T08:31:25,Signal
2024-05-29T09:30:29,Signal
2024-05-29T10:03:01,Signal
2024-05-29T10:57:10,Signal
2024-05-29T12:21:17,Signal
2024-05-29T13:01:34,Signal
2024-05-29T13:50:36,Signal
2024-05-29T15:21:54,Signal
2024-05-29T16:00:00,Signal
2024-05-29T16:59:59,Signal
2024-05-30T03:11:47,Signal
2024-05-30T10:11:01,Signal
2024-05-30T10:16:26,Signal
2024-05-30T10:50:16,Signal
2024-05-30T11:17:21,Signal
2024-05-30T13:51:31,Signal
2024-05-30T14:17:48,Signal
2024-05-30T15:30:04,Signal
2024-05-30T15:51:28,Signal
2024-05-30T21:01:25,Signal
2024-05-31T01:58:49,Signal
2024-05-31T04:09:46,Signal
2024-05-31T04:59:08,Signal
2024-05-31T06:59:31,Signal
2024-05-31T08:30:10,Signal
2024-05-31T09:06:32,Signal
2024-05-31T09:48:01,Signal
2024-05-31T10:04:39,Signal
2024-05-31T10:38:34,Signal
2024-05-31T10:55:45,Signal
2024-05-31T11:35:39,Signal
2024-05-31T12:30:51,Signal
2024-05-31T14:41:07,Signal
2024-05-31T14:51:34,Signal
2024-05-31T16:00:03,Signal
2024-05-31T16:02:04,Signal
2024-05-31T16:59:59,Signal
2024-06-03T03:15:47,Signal
2024-06-03T09:35:44,Signal
2024-06-03T09:49:44,Signal
2024-06-03T10:13:29,Signal
2024-06-03T10:20:29,Signal
2024-06-03T10:31:03,Signal
2024-06-03T11:41:04,Signal
2024-06-03T12:27:10,Signal
2024-06-03T12:37:31,Signal
2024-06-03T12:54:44,Signal
2024-06-03T13:14:30,Signal
2024-06-03T14:21:05,Signal
2024-06-09T19:11:44,Signal
2024-06-10T05:41:52,Signal
2024-06-10T08:46:39,Signal
2024-06-10T11:59:27,Signal
2024-06-10T13:00:39,Signal
2024-06-10T14:36:44,Signal
2024-06-10T15:31:54,Signal
2024-06-11T01:59:12,Signal
2024-06-11T07:54:46,Signal
2024-06-11T09:52:00,Signal
2024-06-11T09:58:05,Signal
2024-06-11T11:08:16,Signal
2024-06-11T13:22:08,Signal
2024-06-11T14:44:45,Signal
2024-06-11T16:59:59,Signal
2024-06-11T20:52:01,Signal
2024-06-12T03:06:08,Signal
2024-06-12T08:29:59,Signal
2024-06-12T08:30:00,Signal
2024-06-12T08:30:02,Signal
2024-06-12T08:30:08,Signal
2024-06-12T08:30:20,Signal
2024-06-12T08:49:28,Signal
2024-06-12T09:31:42,Signal
2024-06-12T10:39:26,Signal
2024-06-12T11:05:39,Signal
2024-06-12T11:50:24,Signal
2024-06-12T13:12:47,Signal
2024-06-12T13:58:49,Signal
2024-06-12T14:00:08,Signal
2024-06-12T14:01:00,Signal
2024-06-12T14:02:36,Signal
2024-06-12T14:10:00,Signal
2024-06-12T14:40:23,Signal
2024-06-12T14:51:03,Signal
2024-06-12T14:54:19,Signal
2024-06-12T15:22:42,Signal
2024-06-12T15:30:36,Signal
2024-06-12T15:32:41,Signal
2024-06-12T15:38:32,Signal
2024-06-12T15:44:52,Signal
2024-06-12T15:54:37,Signal
2024-06-12T15:59:18,Signal
2024-06-12T16:59:58,Signal
2024-06-13T03:37:38,Signal
2024-06-13T08:31:08,Signal
2024-06-13T09:45:05,Signal
2024-06-13T10:00:49,Signal
2024-06-13T10:29:05,Signal
2024-06-13T10:47:16,Signal
2024-06-13T10:49:45,Signal
2024-06-13T11:15:26,Signal
2024-06-13T12:00:23,Signal
2024-06-13T12:32:04,Signal
2024-06-13T14:07:04,Signal
2024-06-13T15:15:12,Signal
2024-06-13T15:59:46,Signal
2024-06-13T16:10:00,Signal
2024-06-14T02:50:06,Signal
2024-06-14T04:03:06,Signal
2024-06-14T06:10:16,Signal
2024-06-14T06:30:47,Signal
2024-06-14T07:10:26,Signal
2024-06-14T10:00:09,Signal
2024-06-14T10:29:05,Signal
2024-06-14T11:54:04,Signal
2024-06-14T12:19:04,Signal
2024-06-14T13:57:54,Signal
2024-06-14T15:43:39,Signal
