time,event,qty,price
2024-03-20T12:26:56,LE2,1,18281.75
2024-03-20T12:27:26,Parabolic stop,1,18258.75
2024-03-20T13:56:26,LE2,1,18274.75
2024-03-20T13:56:26,LE1,1,18267.25
2024-03-20T14:00:02,Profit target,1,18289.25
2024-03-20T14:00:02,Profit target,1,18310.75
2024-03-20T14:20:52,LE2,1,18344.25
2024-03-20T14:20:52,LE1,1,18336.75
2024-03-20T14:28:09,Profit target,1,18358.75
2024-03-20T14:30:01,Profit target,1,18380.25
2024-03-20T14:36:06,LE2,1,18322.50
2024-03-20T14:36:06,LE1,1,18314.25
2024-03-20T14:36:07,Profit target,1,18336.25
2024-03-20T14:36:07,Parabolic stop,1,18320.00
2024-03-20T21:00:03,SE1,1,18567.50
2024-03-20T21:00:03,SE2,1,18567.50
2024-03-20T22:32:21,Parabolic stop,1,18591.50
2024-03-20T22:32:21,Parabolic stop,1,18591.50
2024-03-21T10:08:50,LE2,1,18655.25
2024-03-21T10:09:24,Parabolic stop,1,18640.25
2024-03-21T10:44:30,LE2,1,18652.25
2024-03-21T10:49:11,Parabolic stop,1,18642.75
2024-03-21T11:16:19,LE2,1,18647.00
2024-03-21T11:16:47,Parabolic stop,1,18625.50
2024-03-21T14:21:32,LE2,1,18612.50
2024-03-21T14:21:32,LE1,1,18605.00
2024-03-21T14:26:48,Parabolic stop,1,18591.50
2024-03-21T14:35:07,Parabolic stop,1,18586.00
2024-03-21T14:45:30,LE2,1,18582.00
2024-03-21T14:57:05,Parabolic stop,1,18566.00
2024-03-21T15:35:14,SE1,1,18579.50
2024-03-21T15:35:14,SE2,1,18579.50
2024-03-21T15:59:53,Profit target,1,18557.50
2024-03-21T16:23:18,LE2,1,18582.50
2024-03-21T18:09:51,Parabolic stop,1,18568.25
2024-03-22T00:01:29,LE2,1,18561.75
2024-03-22T02:13:01,Parabolic stop,1,18564.50
2024-03-22T05:26:43,SE1,1,18587.50
2024-03-22T05:26:43,SE2,1,18587.50
2024-03-22T07:20:15,Profit target,1,18565.50
2024-03-22T07:38:55,Profit target,1,18551.50
2024-03-22T08:44:28,LE2,1,18522.75
2024-03-22T09:16:24,Parabolic stop,1,18524.50
2024-03-22T09:52:52,LE2,1,18529.50
2024-03-22T10:05:41,Parabolic stop,1,18546.25
2024-03-22T11:02:36,LE2,1,18531.75
2024-03-22T11:31:21,Parabolic stop,1,18540.75
2024-03-24T19:47:47,LE2,1,18582.25
2024-03-24T21:41:19,Parabolic stop,1,18573.50
2024-03-25T04:34:32,LE2,1,18561.50
2024-03-25T04:35:01,Parabolic stop,1,18540.25
2024-03-25T08:23:37,LE2,1,18484.50
2024-03-25T08:33:59,Parabolic stop,1,18462.25
2024-03-25T09:33:12,LE2,1,18471.25
2024-03-25T09:33:28,Parabolic stop,1,18453.50
2024-03-25T09:46:31,LE2,1,18447.75
2024-03-25T09:51:32,Profit target,1,18483.75
2024-03-25T16:59:59,LE2,1,18533.00
2024-03-25T21:10:01,Parabolic stop,1,18531.75
2024-03-26T10:59:14,LE2,1,18564.00
2024-03-26T10:59:14,LE1,1,18556.50
2024-03-26T11:22:13,Profit target,1,18578.50
2024-03-26T12:00:31,Parabolic stop,1,18563.25
2024-03-26T14:27:45,LE2,1,18558.50
2024-03-26T14:28:50,Parabolic stop,1,18536.75
2024-03-26T16:00:39,LE2,1,18468.25
2024-03-26T18:42:25,Parabolic stop,1,18469.25
2024-03-27T08:28:38,SE1,1,18520.25
2024-03-27T08:28:38,SE2,1,18520.25
2024-03-27T08:50:15,Parabolic stop,1,18542.50
2024-03-27T08:50:15,Parabolic stop,1,18542.50
2024-03-27T10:05:19,LE2,1,18415.25
2024-03-27T10:05:45,Parabolic stop,1,18393.75
2024-03-27T10:13:44,LE2,1,18407.75
2024-03-27T10:19:11,Parabolic stop,1,18415.00
2024-03-27T10:25:42,SE1,1,18415.75
2024-03-27T10:25:42,SE2,1,18415.75
2024-03-27T10:34:43,Parabolic stop,1,18435.50
2024-03-27T10:34:43,Parabolic stop,1,18435.50
2024-03-27T15:27:53,LE2,1,18425.00
2024-03-27T15:38:26,Profit target,1,18461.00
2024-03-28T06:08:00,LE2,1,18487.75
2024-03-28T06:32:41,Parabolic stop,1,18479.50
2024-03-28T09:36:50,LE2,1,18484.75
2024-03-28T09:46:02,Profit target,1,18520.75
2024-03-28T14:12:02,LE2,1,18477.25
2024-03-28T14:12:02,LE1,1,18470.00
2024-03-28T14:12:02,Parabolic stop,1,18454.25
2024-03-28T14:56:37,Profit target,1,18492.00
2024-03-28T16:59:59,LE2,1,18512.25
2024-03-28T16:59:59,LE1,1,18502.50
2024-03-31T18:00:00,Profit target,1,18524.50
2024-03-31T18:00:00,Parabolic stop,1,18511.75
2024-04-01T09:32:20,LE2,1,18507.75
2024-04-01T09:34:40,Profit target,1,18543.75
2024-04-01T10:08:25,LE2,1,18578.00
2024-04-01T10:15:07,Parabolic stop,1,18565.00
2024-04-01T10:24:28,LE2,1,18543.50
2024-04-01T10:25:42,Parabolic stop,1,18523.00
2024-04-01T10:44:53,LE2,1,18504.50
2024-04-01T10:44:53,LE1,1,18497.00
2024-04-01T10:44:53,Parabolic stop,1,18476.50
2024-04-01T10:51:51,Parabolic stop,1,18478.00
2024-04-01T11:23:56,LE2,1,18456.75
2024-04-01T11:36:27,Parabolic stop,1,18451.75
2024-04-01T12:04:25,LE2,1,18443.25
2024-04-01T12:16:40,Profit target,1,18479.25
2024-04-02T02:26:53,LE2,1,18485.00
2024-04-02T03:10:02,Parabolic stop,1,18472.75
2024-04-02T04:00:59,LE2,1,18474.75
2024-04-02T04:19:15,Profit target,1,18510.75
2024-04-02T09:37:18,LE2,1,18289.25
2024-04-02T09:37:18,LE1,1,18281.75
2024-04-02T09:37:18,Parabolic stop,1,18267.75
2024-04-02T09:38:50,Parabolic stop,1,18259.50
2024-04-02T09:59:59,LE2,1,18254.25
2024-04-02T10:00:00,Parabolic stop,1,18237.00
2024-04-02T10:00:43,LE2,1,18242.75
2024-04-02T10:04:54,Parabolic stop,1,18255.00
2024-04-02T10:22:11,LE2,1,18231.25
2024-04-02T10:25:45,Parabolic stop,1,18230.00
2024-04-03T03:01:34,LE2,1,18293.00
2024-04-03T03:01:53,Parabolic stop,1,18271.00
2024-04-03T07:03:11,LE2,1,18282.50
2024-04-03T07:31:31,Parabolic stop,1,18289.50
2024-04-03T09:31:25,LE2,1,18262.00
2024-04-03T09:31:25,LE1,1,18254.50
2024-04-03T09:35:31,Profit target,1,18276.50
2024-04-03T09:38:26,Parabolic stop,1,18256.00
2024-04-03T12:40:47,LE2,1,18400.25
2024-04-03T12:53:18,Parabolic stop,1,18410.00
2024-04-03T15:15:53,LE2,1,18332.00
2024-04-03T15:17:11,Parabolic stop,1,18333.25
2024-04-04T03:23:54,LE2,1,18438.50
2024-04-04T08:30:04,Parabolic stop,1,18453.00
2024-04-04T14:33:08,LE2,1,18291.50
2024-04-04T14:33:08,LE1,1,18284.25
2024-04-04T14:36:36,Profit target,1,18306.25
2024-04-04T14:38:26,Parabolic stop,1,18307.00
2024-04-04T14:45:29,LE2,1,18271.00
2024-04-04T14:46:35,Parabolic stop,1,18254.75
2024-04-04T15:03:35,LE2,1,18212.75
2024-04-04T15:03:35,Parabolic stop,1,18188.50
2024-04-04T15:05:18,LE2,1,18199.00
2024-04-04T15:09:51,Parabolic stop,1,18187.00
2024-04-04T15:20:32,LE2,1,18179.00
2024-04-04T15:20:32,LE1,1,18171.50
2024-04-04T15:20:32,Parabolic stop,1,18157.25
2024-04-04T15:24:09,Parabolic stop,1,18150.25
2024-04-04T15:33:05,LE2,1,18133.50
2024-04-04T15:33:05,LE1,1,18126.00
2024-04-04T15:34:47,Parabolic stop,1,18112.50
2024-04-04T15:38:07,Parabolic stop,1,18107.25
2024-04-04T15:45:09,LE2,1,18112.75
2024-04-04T15:50:01,Parabolic stop,1,18120.00
2024-04-04T16:01:19,LE2,1,18097.25
2024-04-04T16:01:19,LE1,1,18090.25
2024-04-04T16:01:19,Parabolic stop,1,18076.00
2024-04-04T16:18:17,Parabolic stop,1,18068.25
2024-04-04T16:59:59,LE2,1,18094.50
2024-04-04T16:59:59,LE1,1,18082.25
2024-04-04T18:00:00,Profit target,1,18104.25
2024-04-04T18:23:22,Parabolic stop,1,18083.75
2024-04-04T20:40:06,LE2,1,18081.75
2024-04-04T20:52:59,Parabolic stop,1,18074.00
2024-04-05T08:30:01,LE1,1,18080.25
2024-04-05T08:30:01,LE2,1,18087.75
2024-04-05T08:30:01,Parabolic stop,1,18053.50
2024-04-05T08:30:02,Parabolic stop,1,18053.50
2024-04-05T09:00:46,LE2,1,18157.25
2024-04-05T09:01:47,Parabolic stop,1,18140.50
2024-04-05T09:41:01,LE2,1,18132.25
2024-04-05T09:42:54,Profit target,1,18168.25
2024-04-05T10:09:30,LE2,1,18205.25
2024-04-05T10:12:46,Profit target,1,18241.25
2024-04-05T14:04:47,LE2,1,18281.50
2024-04-05T14:07:19,Profit target,1,18317.50
2024-04-05T15:01:02,LE2,1,18283.25
2024-04-05T15:08:27,Parabolic stop,1,18270.50
2024-04-08T01:03:03,LE2,1,18299.25
2024-04-08T02:02:02,Parabolic stop,1,18286.50
2024-04-08T03:30:09,SE1,1,18308.50
2024-04-08T03:30:09,SE2,1,18308.50
2024-04-08T03:49:42,Parabolic stop,1,18330.75
2024-04-08T03:49:42,Parabolic stop,1,18330.75
2024-04-08T04:32:19,LE2,1,18276.00
2024-04-08T04:39:13,Parabolic stop,1,18280.00
2024-04-08T06:13:10,SE1,1,18288.25
2024-04-08T06:13:10,SE2,1,18288.25
2024-04-08T06:56:39,Parabolic stop,1,18311.00
2024-04-08T06:56:39,Parabolic stop,1,18311.00
2024-04-08T09:41:37,LE2,1,18265.50
2024-04-08T09:48:59,Parabolic stop,1,18277.75
2024-04-08T10:08:50,LE2,1,18306.25
2024-04-08T10:25:27,Parabolic stop,1,18318.25
2024-04-08T10:41:24,SE1,1,18352.50
2024-04-08T10:41:24,SE2,1,18352.50
2024-04-08T10:50:20,Parabolic stop,1,18370.75
2024-04-08T10:50:20,Parabolic stop,1,18370.75
2024-04-08T11:10:17,LE2,1,18352.75
2024-04-08T11:11:43,Parabolic stop,1,18329.75
2024-04-08T12:27:52,LE2,1,18285.00
2024-04-08T12:59:31,Parabolic stop,1,18298.25
2024-04-09T00:47:13,LE2,1,18315.00
2024-04-09T03:20:26,Parabolic stop,1,18307.25
2024-04-09T04:03:44,LE2,1,18294.50
2024-04-09T04:03:44,LE1,1,18287.50
2024-04-09T04:22:10,Profit target,1,18309.50
2024-04-09T05:49:37,Profit target,1,18330.50
2024-04-09T06:52:14,LE2,1,18282.50
2024-04-09T07:13:32,Profit target,1,18318.50
2024-04-09T10:13:49,LE2,1,18360.75
2024-04-09T10:17:33,Parabolic stop,1,18343.00
2024-04-09T10:33:02,LE2,1,18256.00
2024-04-09T10:33:42,Parabolic stop,1,18237.75
2024-04-09T10:45:26,LE2,1,18200.25
2024-04-09T10:45:59,Parabolic stop,1,18183.25
2024-04-09T10:57:57,LE2,1,18190.50
2024-04-09T11:05:20,Profit target,1,18226.50
2024-04-09T11:24:21,SE1,1,18235.50
2024-04-09T11:24:21,SE2,1,18235.50
2024-04-09T11:35:11,Profit target,1,18213.50
2024-04-09T11:42:47,Parabolic stop,1,18238.00
2024-04-10T06:54:18,LE2,1,18372.25
2024-04-10T08:12:12,Parabolic stop,1,18385.25
2024-04-10T08:30:04,LE2,1,18305.75
2024-04-10T08:30:10,Parabolic stop,1,18292.25
2024-04-10T08:32:11,LE2,1,18134.75
2024-04-10T08:32:11,LE1,1,18127.25
2024-04-10T08:32:41,Parabolic stop,1,18109.25
2024-04-10T08:32:42,Parabolic stop,1,18109.50
2024-04-10T08:32:51,LE2,1,18133.25
2024-04-10T08:33:49,Parabolic stop,1,18143.75
2024-04-10T08:37:47,LE2,1,18094.00
2024-04-10T08:38:57,Parabolic stop,1,18080.75
2024-04-10T08:42:32,LE2,1,18086.00
2024-04-10T08:43:47,Parabolic stop,1,18077.25
2024-04-10T09:37:25,SE1,1,18166.00
2024-04-10T09:37:25,SE2,1,18166.00
2024-04-10T09:38:29,Parabolic stop,1,18184.00
2024-04-10T09:38:29,Parabolic stop,1,18184.00
2024-04-10T09:41:49,SE1,1,18172.00
2024-04-10T09:41:49,SE2,1,18172.00
2024-04-10T09:44:15,Parabolic stop,1,18184.25
2024-04-10T09:44:15,Parabolic stop,1,18184.25
2024-04-10T10:05:30,LE2,1,18176.50
2024-04-10T10:05:30,LE1,1,18169.50
2024-04-10T10:05:30,Parabolic stop,1,18152.75
2024-04-10T10:09:28,Profit target,1,18191.50
2024-04-10T10:35:52,SE1,1,18198.00
2024-04-10T10:35:52,SE2,1,18198.00
2024-04-10T10:38:21,Parabolic stop,1,18224.25
2024-04-10T10:38:21,Parabolic stop,1,18224.25
2024-04-10T10:43:09,SE1,1,18214.25
2024-04-10T10:43:09,SE2,1,18214.25
2024-04-10T10:46:10,Profit target,1,18192.25
2024-04-10T10:47:00,Profit target,1,18178.25
2024-04-10T11:21:08,LE2,1,18156.50
2024-04-10T11:29:59,Parabolic stop,1,18159.25
2024-04-10T12:03:28,LE2,1,18153.00
2024-04-10T12:12:44,Parabolic stop,1,18138.25
2024-04-10T13:14:54,LE2,1,18144.25
2024-04-10T13:20:45,Profit target,1,18180.25
2024-04-10T13:43:18,LE2,1,18143.50
2024-04-10T13:56:56,Profit target,1,18179.50
2024-04-10T14:20:25,LE2,1,18177.25
2024-04-10T14:20:25,LE1,1,18170.25
2024-04-10T14:20:53,Parabolic stop,1,18154.00
2024-04-10T14:23:00,Parabolic stop,1,18152.00
2024-04-10T14:38:31,LE2,1,18160.25
2024-04-10T14:50:53,Parabolic stop,1,18165.75
2024-04-10T15:08:00,LE2,1,18145.50
2024-04-10T15:14:57,Profit target,1,18181.50
2024-04-10T20:02:25,LE2,1,18172.50
2024-04-10T20:02:25,LE1,1,18165.25
2024-04-10T22:07:10,Profit target,1,18187.25
2024-04-11T00:30:14,Profit target,1,18208.50
2024-04-11T08:09:13,LE2,1,18140.75
2024-04-11T08:09:13,LE1,1,18133.25
2024-04-11T08:16:21,Parabolic stop,1,18119.00
2024-04-11T08:30:01,Parabolic stop,1,18112.25
2024-04-11T08:30:01,LE2,1,18119.25
2024-04-11T08:30:01,Parabolic stop,1,18112.25
2024-04-11T08:48:31,LE2,1,18239.00
2024-04-11T08:55:40,Parabolic stop,1,18239.00
2024-04-11T09:27:40,SE1,1,18264.50
2024-04-11T09:27:40,SE2,1,18264.50
2024-04-11T09:31:28,Profit target,1,18242.50
2024-04-11T09:31:58,Profit target,1,18228.50
2024-04-11T09:41:14,LE2,1,18251.00
2024-04-11T09:44:53,Parabolic stop,1,18233.50
2024-04-11T11:26:14,SE1,1,18256.75
2024-04-11T11:26:14,SE2,1,18256.75
2024-04-11T11:40:24,Parabolic stop,1,18274.25
2024-04-11T11:40:24,Parabolic stop,1,18274.25
2024-04-11T11:44:43,SE1,1,18265.50
2024-04-11T11:44:43,SE2,1,18265.50
2024-04-11T11:56:16,Parabolic stop,1,18294.25
2024-04-11T11:56:16,Parabolic stop,1,18294.25
2024-04-11T13:41:41,SE1,1,18404.00
2024-04-11T13:41:41,SE2,1,18404.00
2024-04-11T13:44:18,Parabolic stop,1,18429.25
2024-04-11T13:44:18,Parabolic stop,1,18429.25
2024-04-12T02:19:52,LE2,1,18501.50
2024-04-12T02:19:52,LE1,1,18494.00
2024-04-12T02:30:16,Parabolic stop,1,18480.75
2024-04-12T03:24:12,Parabolic stop,1,18475.50
2024-04-12T07:01:13,LE2,1,18389.25
2024-04-12T07:47:11,Profit target,1,18425.25
2024-04-12T09:18:11,LE2,1,18313.50
2024-04-12T09:18:11,LE1,1,18306.00
2024-04-12T09:18:11,Parabolic stop,1,18291.25
2024-04-12T09:28:03,Parabolic stop,1,18284.25
2024-04-12T09:31:38,LE2,1,18304.50
2024-04-12T09:31:38,LE1,1,18297.00
2024-04-12T09:32:35,Profit target,1,18319.00
2024-04-12T09:33:22,Parabolic stop,1,18303.00
2024-04-12T10:10:27,LE2,1,18293.50
2024-04-12T10:10:28,Parabolic stop,1,18270.75
2024-04-12T10:17:46,LE2,1,18289.50
2024-04-12T10:17:46,LE1,1,18282.00
2024-04-12T10:19:37,Profit target,1,18304.00
2024-04-12T10:23:37,Parabolic stop,1,18282.75
2024-04-12T11:01:29,LE1,1,18216.25
2024-04-12T11:01:29,LE2,1,18221.00
2024-04-12T11:17:29,Profit target,1,18238.25
2024-04-12T11:20:59,Parabolic stop,1,18231.50
2024-04-12T13:06:34,LE2,1,18167.50
2024-04-12T13:06:34,LE1,1,18160.25
2024-04-12T13:06:34,Parabolic stop,1,18148.25
2024-04-12T13:15:23,Profit target,1,18182.25
2024-04-12T13:42:14,LE2,1,18153.50
2024-04-12T13:48:45,Profit target,1,18189.50
2024-04-12T14:42:35,LE2,1,18162.75
2024-04-12T14:42:35,LE1,1,18155.50
2024-04-12T14:42:35,Parabolic stop,1,18140.25
2024-04-12T14:59:54,Parabolic stop,1,18132.75
2024-04-12T15:04:07,LE2,1,18149.75
2024-04-12T15:04:07,LE1,1,18142.25
2024-04-12T15:06:23,Parabolic stop,1,18128.50
2024-04-12T15:17:57,Parabolic stop,1,18121.75
2024-04-14T18:00:00,LE1,1,18157.50
2024-04-14T18:00:00,LE2,1,18160.75
2024-04-14T18:00:08,Profit target,1,18179.50
2024-04-14T18:00:09,Profit target,1,18196.75
2024-04-15T09:39:13,LE2,1,18290.50
2024-04-15T09:45:14,Parabolic stop,1,18292.00
2024-04-15T09:58:13,SE1,1,18302.25
2024-04-15T09:58:13,SE2,1,18302.25
2024-04-15T10:01:50,Parabolic stop,1,18325.50
2024-04-15T10:01:50,Parabolic stop,1,18325.50
2024-04-15T10:13:09,LE2,1,18222.00
2024-04-15T10:16:16,Profit target,1,18258.00
2024-04-15T10:40:52,LE2,1,18221.75
2024-04-15T10:40:52,LE1,1,18214.25
2024-04-15T10:40:53,Parabolic stop,1,18202.50
2024-04-15T10:43:18,Parabolic stop,1,18198.25
2024-04-15T11:03:27,LE2,1,18194.75
2024-04-15T11:03:34,Parabolic stop,1,18174.25
2024-04-15T11:27:56,LE2,1,18188.25
2024-04-15T11:35:55,Parabolic stop,1,18198.00
2024-04-15T13:03:56,LE2,1,18114.00
2024-04-15T13:08:49,Parabolic stop,1,18104.75
2024-04-15T13:31:26,LE2,1,17929.25
2024-04-15T13:32:03,Parabolic stop,1,17908.75
2024-04-15T13:41:20,LE2,1,17913.75
2024-04-15T13:41:20,LE1,1,17906.25
2024-04-15T13:42:11,Profit target,1,17928.25
2024-04-15T13:46:46,Parabolic stop,1,17903.50
2024-04-15T13:52:53,LE2,1,17909.25
2024-04-15T13:58:54,Parabolic stop,1,17913.75
2024-04-15T14:20:49,LE2,1,17901.50
2024-04-15T14:21:01,Parabolic stop,1,17880.50
2024-04-15T14:58:16,LE2,1,17897.00
2024-04-15T14:58:20,Parabolic stop,1,17874.75
2024-04-15T15:21:04,LE2,1,17872.00
2024-04-15T15:24:00,Parabolic stop,1,17864.25
2024-04-15T19:36:51,LE2,1,17874.75
2024-04-15T20:04:45,Parabolic stop,1,17865.50
2024-04-15T22:33:39,LE2,1,17837.50
2024-04-15T22:34:03,Parabolic stop,1,17815.50
2024-04-15T22:41:28,LE2,1,17825.25
2024-04-15T23:59:53,Parabolic stop,1,17823.50
2024-04-16T06:32:11,LE2,1,17821.75
2024-04-16T06:44:35,Profit target,1,17857.75
2024-04-16T09:38:52,LE2,1,17864.00
2024-04-16T09:38:52,LE1,1,17856.50
2024-04-16T09:39:17,Profit target,1,17878.50
2024-04-16T09:39:24,Parabolic stop,1,17852.50
2024-04-16T09:49:30,LE2,1,17850.25
2024-04-16T09:56:25,Profit target,1,17886.25
2024-04-16T12:08:43,LE2,1,17898.00
2024-04-16T12:28:19,Parabolic stop,1,17903.50
2024-04-16T13:08:09,LE2,1,17916.00
2024-04-16T13:08:13,Parabolic stop,1,17894.25
2024-04-16T13:31:18,LE2,1,17869.25
2024-04-16T13:31:21,Parabolic stop,1,17847.25
2024-04-16T13:32:12,LE2,1,17842.25
2024-04-16T13:32:12,LE1,1,17835.00
2024-04-16T13:32:40,Profit target,1,17857.00
2024-04-16T13:35:01,Profit target,1,17878.25
2024-04-16T14:25:02,LE2,1,17873.50
2024-04-16T14:26:33,Parabolic stop,1,17867.50
2024-04-16T15:38:55,LE2,1,17912.25
2024-04-16T15:39:30,Parabolic stop,1,17895.25
2024-04-16T16:59:59,LE2,1,17900.00
2024-04-16T19:43:55,Profit target,1,17936.00
2024-04-17T02:04:53,LE2,1,17807.00
2024-04-17T02:52:29,Parabolic stop,1,17827.75
2024-04-17T08:37:04,LE2,1,17921.50
2024-04-17T09:14:53,Profit target,1,17957.50
2024-04-17T09:47:04,LE2,1,17940.25
2024-04-17T09:47:04,LE1,1,17932.75
2024-04-17T09:47:04,Parabolic stop,1,17920.00
2024-04-17T09:49:07,Parabolic stop,1,17910.00
2024-04-17T10:07:51,LE2,1,17867.50
2024-04-17T10:08:23,Parabolic stop,1,17846.50
2024-04-17T10:14:16,LE2,1,17847.25
2024-04-17T10:14:16,LE1,1,17840.00
2024-04-17T10:14:16,Parabolic stop,1,17828.75
2024-04-17T10:22:31,Parabolic stop,1,17814.75
2024-04-17T10:25:02,LE2,1,17836.50
2024-04-17T10:26:35,Parabolic stop,1,17834.00
2024-04-17T10:55:31,LE2,1,17794.50
2024-04-17T11:01:12,Profit target,1,17830.50
2024-04-17T11:43:46,LE2,1,17755.50
2024-04-17T11:43:57,Parabolic stop,1,17733.75
2024-04-17T12:11:04,LE2,1,17711.25
2024-04-17T12:13:21,Parabolic stop,1,17693.00
2024-04-17T12:49:07,LE2,1,17646.50
2024-04-17T13:06:56,Profit target,1,17682.50
2024-04-17T13:26:26,SE1,1,17692.25
2024-04-17T13:26:26,SE2,1,17692.25
2024-04-17T13:30:00,Parabolic stop,1,17714.00
2024-04-17T13:30:00,Parabolic stop,1,17714.00
2024-04-17T14:39:27,LE2,1,17715.75
2024-04-17T14:39:27,LE1,1,17708.25
2024-04-17T14:41:05,Profit target,1,17730.25
2024-04-17T14:42:16,Profit target,1,17751.75
2024-04-17T15:33:33,LE2,1,17677.25
2024-04-17T15:34:07,Parabolic stop,1,17656.50
2024-04-17T16:03:11,LE2,1,17667.50
2024-04-17T16:03:11,LE1,1,17660.00
2024-04-17T16:09:09,Profit target,1,17687.25
2024-04-17T21:19:05,Profit target,1,17703.50
2024-04-18T07:14:03,SE1,1,17703.00
2024-04-18T07:14:03,SE2,1,17703.00
2024-04-18T08:24:04,Profit target,1,17681.00
2024-04-18T08:30:07,Parabolic stop,1,17698.75
2024-04-18T08:30:54,LE2,1,17701.50
2024-04-18T08:30:57,Parabolic stop,1,17680.25
2024-04-18T08:48:43,LE2,1,17695.00
2024-04-18T08:50:27,Parabolic stop,1,17674.50
2024-04-18T09:41:02,LE2,1,17580.25
2024-04-18T09:41:02,LE1,1,17572.75
2024-04-18T09:42:29,Profit target,1,17594.75
2024-04-18T09:47:09,Profit target,1,17616.25
2024-04-18T10:04:05,LE2,1,17610.75
2024-04-18T10:04:05,LE1,1,17603.25
2024-04-18T10:06:19,Profit target,1,17625.25
2024-04-18T10:10:06,Profit target,1,17646.75
2024-04-18T12:36:27,LE2,1,17677.25
2024-04-18T12:36:42,Parabolic stop,1,17661.75
2024-04-18T13:28:38,LE2,1,17565.25
2024-04-18T13:30:52,Parabolic stop,1,17570.50
2024-04-18T14:13:42,LE2,1,17548.25
2024-04-18T14:21:33,Profit target,1,17584.25
2024-04-18T16:00:00,LE2,1,17559.50
2024-04-18T16:00:00,Parabolic stop,1,17532.25
2024-04-18T16:00:41,LE2,1,17535.50
2024-04-18T16:01:23,Profit target,1,17571.50
2024-04-18T19:55:49,LE2,1,17506.25
2024-04-18T19:55:49,Parabolic stop,1,17485.00
2024-04-18T21:31:16,LE2,1,17306.50
2024-04-18T21:31:19,Parabolic stop,1,17293.00
2024-04-18T21:40:33,LE2,1,17265.25
2024-04-18T21:40:40,Parabolic stop,1,17248.25
2024-04-18T22:06:18,LE2,1,17268.50
2024-04-18T22:06:18,LE1,1,17261.00
2024-04-18T22:08:03,Parabolic stop,1,17244.00
2024-04-18T22:09:44,Parabolic stop,1,17240.50
2024-04-18T22:17:13,LE2,1,17217.75
2024-04-18T22:17:13,LE1,1,17210.25
2024-04-18T22:17:13,Parabolic stop,1,17192.75
2024-04-18T22:18:40,Parabolic stop,1,17187.25
2024-04-18T22:21:22,LE2,1,17212.75
2024-04-18T22:24:13,Profit target,1,17248.75
2024-04-18T22:41:59,SE1,1,17257.25
2024-04-18T22:41:59,SE2,1,17257.25
2024-04-18T22:45:34,Parabolic stop,1,17280.00
2024-04-18T22:45:34,Parabolic stop,1,17280.00
2024-04-19T05:51:43,SE1,1,17444.50
2024-04-19T05:51:43,SE2,1,17444.50
2024-04-19T06:07:30,Parabolic stop,1,17463.50
2024-04-19T06:07:30,Parabolic stop,1,17463.50
2024-04-19T09:31:54,LE2,1,17476.00
2024-04-19T09:34:04,Parabolic stop,1,17468.50
2024-04-19T09:41:50,LE2,1,17458.75
2024-04-19T09:44:23,Profit target,1,17494.75
2024-04-19T09:52:53,LE2,1,17459.25
2024-04-19T09:57:39,Parabolic stop,1,17461.50
2024-04-19T10:12:42,LE2,1,17439.50
2024-04-19T10:12:42,LE1,1,17432.25
2024-04-19T10:12:42,Parabolic stop,1,17416.75
2024-04-19T10:14:49,Parabolic stop,1,17408.25
2024-04-19T10:16:44,LE2,1,17428.00
2024-04-19T10:16:44,LE1,1,17420.50
2024-04-19T10:16:44,Parabolic stop,1,17404.50
2024-04-19T10:18:22,Parabolic stop,1,17397.50
2024-04-19T10:22:27,LE2,1,17403.50
2024-04-19T10:22:27,LE1,1,17396.00
2024-04-19T10:22:27,Parabolic stop,1,17381.25
2024-04-19T10:24:19,Parabolic stop,1,17374.00
2024-04-19T10:29:49,LE2,1,17370.00
2024-04-19T10:31:32,Profit target,1,17406.00
2024-04-19T10:47:07,SE1,1,17398.00
2024-04-19T10:47:07,SE2,1,17398.00
2024-04-19T10:50:17,Parabolic stop,1,17420.50
2024-04-19T10:50:17,Parabolic stop,1,17420.50
2024-04-19T11:37:48,LE2,1,17339.00
2024-04-19T11:37:48,LE1,1,17331.50
2024-04-19T11:48:02,Parabolic stop,1,17322.00
2024-04-19T11:54:02,Parabolic stop,1,17317.50
2024-04-19T12:01:15,LE2,1,17317.50
2024-04-19T12:01:15,LE1,1,17310.50
2024-04-19T12:01:15,Parabolic stop,1,17295.50
2024-04-19T12:04:22,Parabolic stop,1,17288.50
2024-04-19T12:42:53,LE2,1,17233.25
2024-04-19T12:50:54,Profit target,1,17269.25
2024-04-19T13:22:46,SE1,1,17293.25
2024-04-19T13:22:46,SE2,1,17293.25
2024-04-19T13:28:45,Profit target,1,17271.25
2024-04-19T13:29:43,Profit target,1,17257.25
2024-04-19T14:07:39,LE2,1,17252.25
2024-04-19T14:08:00,Parabolic stop,1,17256.75
2024-04-19T14:49:21,LE2,1,17160.50
2024-04-19T14:50:21,Parabolic stop,1,17145.50
2024-04-19T15:07:20,LE2,1,17153.25
2024-04-19T15:13:08,Profit target,1,17189.25
2024-04-19T15:32:03,SE1,1,17181.75
2024-04-19T15:32:03,SE2,1,17181.75
2024-04-19T15:35:56,Profit target,1,17159.75
2024-04-19T15:36:02,Profit target,1,17145.75
2024-04-19T15:47:35,LE2,1,17143.50
2024-04-19T15:54:40,Profit target,1,17179.50
2024-04-22T08:37:38,LE2,1,17275.75
2024-04-22T09:15:59,Parabolic stop,1,17289.00
2024-04-22T09:41:00,LE2,1,17293.50
2024-04-22T09:41:50,Parabolic stop,1,17278.50
2024-04-22T10:30:42,LE2,1,17208.00
2024-04-22T10:42:04,Parabolic stop,1,17212.50
2024-04-22T11:17:07,LE2,1,17177.50
2024-04-22T11:17:07,LE1,1,17170.00
2024-04-22T11:25:26,Profit target,1,17192.00
2024-04-22T11:30:21,Profit target,1,17213.50
2024-04-22T15:44:21,LE2,1,17358.75
2024-04-22T15:48:36,Parabolic stop,1,17350.00
2024-04-22T15:59:52,LE2,1,17354.00
2024-04-22T19:16:38,LE2,1,17315.00
2024-04-22T20:05:48,Parabolic stop,1,17313.75
2024-04-23T06:16:10,LE2,1,17394.75
2024-04-23T07:13:28,Parabolic stop,1,17408.50
2024-04-23T11:10:24,LE2,1,17569.50
2024-04-23T11:23:00,Profit target,1,17605.50
2024-04-23T13:21:36,LE2,1,17600.00
2024-04-23T13:52:09,Profit target,1,17636.00
2024-04-23T14:53:43,SE1,1,17634.25
2024-04-23T14:53:43,SE2,1,17634.25
2024-04-23T15:04:22,Profit target,1,17612.25
2024-04-23T15:13:27,Parabolic stop,1,17640.00
2024-04-24T02:46:11,SE1,1,17727.50
2024-04-24T02:46:11,SE2,1,17727.50
2024-04-24T04:31:27,Profit target,1,17705.50
2024-04-24T04:55:00,Profit target,1,17691.50
2024-04-24T09:58:46,LE2,1,17740.00
2024-04-24T09:58:46,LE1,1,17732.50
2024-04-24T10:00:56,Parabolic stop,1,17720.50
2024-04-24T10:05:20,Profit target,1,17754.50
2024-04-24T11:27:54,LE2,1,17663.25
2024-04-24T11:27:54,LE1,1,17655.75
2024-04-24T11:39:17,Profit target,1,17677.75
2024-04-24T11:43:13,Parabolic stop,1,17651.50
2024-04-24T12:04:40,LE2,1,17629.50
2024-04-24T12:04:40,LE1,1,17622.00
2024-04-24T12:04:40,Parabolic stop,1,17609.00
2024-04-24T12:07:08,Parabolic stop,1,17600.25
2024-04-24T12:29:22,LE2,1,17611.00
2024-04-24T12:29:22,LE1,1,17603.50
2024-04-24T12:29:22,Parabolic stop,1,17589.00
2024-04-24T12:31:23,Parabolic stop,1,17578.25
2024-04-24T12:52:22,LE2,1,17597.50
2024-04-24T13:01:15,Parabolic stop,1,17611.00
2024-04-24T15:09:29,LE2,1,17634.25
2024-04-24T15:23:29,Profit target,1,17670.25
2024-04-24T16:05:17,LE2,1,17600.00
2024-04-24T16:05:20,Parabolic stop,1,17579.75
2024-04-24T16:06:41,LE2,1,17563.75
2024-04-24T16:07:13,Parabolic stop,1,17560.00
2024-04-24T16:08:18,LE2,1,17555.25
2024-04-24T16:09:47,Parabolic stop,1,17543.00
2024-04-24T16:28:00,LE2,1,17514.25
2024-04-24T16:28:41,Parabolic stop,1,17518.00
2024-04-24T16:50:18,LE2,1,17510.25
2024-04-24T18:00:00,Parabolic stop,1,17439.75
2024-04-24T18:02:58,LE2,1,17465.00
2024-04-24T18:02:58,LE1,1,17457.50
2024-04-24T18:29:06,Profit target,1,17479.50
2024-04-24T18:30:01,Parabolic stop,1,17457.50
2024-04-25T02:46:15,LE2,1,17434.75
2024-04-25T03:17:14,Parabolic stop,1,17438.75
2024-04-25T08:05:58,SE1,1,17482.75
2024-04-25T08:05:58,SE2,1,17482.75
2024-04-25T08:17:23,Profit target,1,17460.75
2024-04-25T08:30:11,Parabolic stop,1,17509.50
2024-04-25T08:31:15,LE2,1,17443.00
2024-04-25T08:31:15,LE1,1,17436.25
2024-04-25T08:31:15,Parabolic stop,1,17420.50
2024-04-25T08:31:58,Parabolic stop,1,17415.50
2024-04-25T08:33:14,LE2,1,17420.00
2024-04-25T08:33:14,LE1,1,17412.50
2024-04-25T08:35:21,Profit target,1,17434.50
2024-04-25T08:35:45,Parabolic stop,1,17411.50
2024-04-25T09:23:17,LE2,1,17358.75
2024-04-25T09:25:00,Parabolic stop,1,17340.75
2024-04-25T09:31:14,LE2,1,17355.50
2024-04-25T09:31:14,LE1,1,17348.00
2024-04-25T09:31:14,Parabolic stop,1,17333.00
2024-04-25T09:31:43,Parabolic stop,1,17325.00
2024-04-25T09:35:42,LE2,1,17338.00
2024-04-25T09:35:59,Parabolic stop,1,17318.50
2024-04-25T09:50:00,SE1,1,17360.00
2024-04-25T09:50:00,SE2,1,17360.00
2024-04-25T09:56:35,Profit target,1,17338.00
2024-04-25T09:58:30,Parabolic stop,1,17361.25
2024-04-25T10:04:21,LE2,1,17359.00
2024-04-25T10:08:04,Parabolic stop,1,17369.25
2024-04-25T11:00:39,LE2,1,17371.25
2024-04-25T11:11:15,Parabolic stop,1,17369.50
2024-04-25T14:02:55,SE1,1,17560.25
2024-04-25T14:02:55,SE2,1,17560.25
2024-04-25T14:16:37,Parabolic stop,1,17583.00
2024-04-25T14:16:37,Parabolic stop,1,17583.00
2024-04-25T14:58:26,LE2,1,17522.50
2024-04-25T15:03:00,Profit target,1,17558.50
2024-04-25T16:16:59,LE2,1,17795.25
2024-04-25T16:17:08,Parabolic stop,1,17773.25
2024-04-25T16:37:32,LE2,1,17788.25
2024-04-25T16:49:22,Profit target,1,17824.25
2024-04-25T18:42:09,LE2,1,17784.75
2024-04-25T18:42:09,LE1,1,17777.25
2024-04-25T18:42:09,Parabolic stop,1,17762.75
2024-04-25T19:11:33,Parabolic stop,1,17754.75
2024-04-25T21:32:29,LE2,1,17771.50
2024-04-25T21:36:00,Parabolic stop,1,17754.00
2024-04-26T03:42:11,LE2,1,17763.00
2024-04-26T03:46:00,Parabolic stop,1,17742.25
2024-04-26T06:20:29,LE2,1,17740.75
2024-04-26T06:29:41,Parabolic stop,1,17719.50
2024-04-26T08:30:04,LE2,1,17760.50
2024-04-26T08:30:04,LE1,1,17736.75
2024-04-26T08:30:04,Parabolic stop,1,17753.75
2024-04-26T08:30:04,Profit target,1,17758.75
2024-04-26T08:30:52,SE1,1,17798.75
2024-04-26T08:30:52,SE2,1,17798.75
2024-04-26T08:32:04,Profit target,1,17776.75
2024-04-26T08:32:10,Profit target,1,17762.75
2024-04-26T08:32:33,LE2,1,17783.50
2024-04-26T08:32:35,Parabolic stop,1,17761.50
2024-04-26T08:35:59,LE2,1,17755.25
2024-04-26T08:36:00,Parabolic stop,1,17733.75
2024-04-26T08:43:49,LE2,1,17745.00
2024-04-26T08:48:15,Parabolic stop,1,17726.25
2024-04-26T08:58:03,LE2,1,17723.75
2024-04-26T09:01:47,Parabolic stop,1,17726.25
2024-04-26T09:30:26,LE2,1,17703.75
2024-04-26T09:30:26,LE1,1,17696.25
2024-04-26T09:30:26,Parabolic stop,1,17681.50
2024-04-26T09:31:51,Parabolic stop,1,17674.75
2024-04-26T09:33:39,LE2,1,17701.50
2024-04-26T09:34:53,Parabolic stop,1,17719.00
2024-04-26T10:21:39,SE1,1,17819.25
2024-04-26T10:21:39,SE2,1,17819.25
2024-04-26T10:29:57,Profit target,1,17797.25
2024-04-26T10:30:43,Profit target,1,17783.25
2024-04-26T10:46:09,SE1,1,17825.00
2024-04-26T10:46:09,SE2,1,17825.00
2024-04-26T10:48:45,Parabolic stop,1,17846.75
2024-04-26T10:48:45,Parabolic stop,1,17846.75
2024-04-26T10:51:34,SE1,1,17832.50
2024-04-26T10:51:34,SE2,1,17832.50
2024-04-26T10:54:08,Parabolic stop,1,17856.50
2024-04-26T10:54:08,Parabolic stop,1,17856.50
2024-04-26T11:18:15,LE2,1,17843.25
2024-04-26T11:23:05,Parabolic stop,1,17828.25
2024-04-26T16:59:59,LE2,1,17874.75
2024-04-26T16:59:59,LE1,1,17864.50
2024-04-28T18:00:00,Parabolic stop,1,17859.50
2024-04-28T19:52:48,Profit target,1,17886.50
2024-04-29T09:47:40,LE2,1,17859.50
2024-04-29T09:49:42,Parabolic stop,1,17840.25
2024-04-29T10:44:01,LE2,1,17896.75
2024-04-29T10:44:14,Parabolic stop,1,17878.25
2024-04-29T12:41:52,SE1,1,17892.00
2024-04-29T12:41:52,SE2,1,17892.00
2024-04-29T13:21:38,Parabolic stop,1,17905.25
2024-04-29T13:21:38,Parabolic stop,1,17905.25
2024-04-29T14:41:00,LE2,1,17872.25
2024-04-29T14:58:29,Parabolic stop,1,17861.25
2024-04-29T15:08:06,LE2,1,17819.75
2024-04-29T15:08:06,LE1,1,17812.25
2024-04-29T15:10:06,Profit target,1,17834.25
2024-04-29T15:21:18,Profit target,1,17855.75
2024-04-30T06:49:42,LE2,1,17891.50
2024-04-30T06:50:41,Parabolic stop,1,17870.00
2024-04-30T08:35:07,LE2,1,17818.25
2024-04-30T08:37:40,Parabolic stop,1,17800.50
2024-04-30T10:15:14,LE2,1,17872.25
2024-04-30T10:15:35,Parabolic stop,1,17854.50
2024-04-30T11:18:37,LE2,1,17780.75
2024-04-30T11:18:37,LE1,1,17773.25
2024-04-30T11:18:37,Parabolic stop,1,17758.75
2024-04-30T11:31:20,Parabolic stop,1,17751.50
2024-04-30T11:55:48,LE2,1,17761.00
2024-04-30T12:05:48,Parabolic stop,1,17742.00
2024-04-30T12:59:15,LE2,1,17712.25
2024-04-30T12:59:15,LE1,1,17704.75
2024-04-30T13:03:19,Parabolic stop,1,17694.50
2024-04-30T13:12:17,Parabolic stop,1,17688.00
2024-04-30T13:22:47,LE2,1,17703.50
2024-04-30T14:01:10,Profit target,1,17739.50
2024-04-30T15:02:38,LE2,1,17697.00
2024-04-30T15:07:20,Parabolic stop,1,17679.25
2024-04-30T15:28:09,LE2,1,17689.00
2024-04-30T15:49:47,Parabolic stop,1,17684.75
2024-04-30T16:00:55,LE2,1,17573.00
2024-04-30T16:01:00,Parabolic stop,1,17564.50
2024-04-30T16:01:00,LE2,1,17565.50
2024-04-30T16:01:00,LE1,1,17559.75
2024-04-30T16:01:01,Profit target,1,17581.75
2024-04-30T16:01:02,Profit target,1,17601.50
2024-04-30T16:01:24,LE2,1,17533.00
2024-04-30T16:01:29,Parabolic stop,1,17542.00
2024-04-30T16:05:00,SE1,1,17593.25
2024-04-30T16:05:00,Profit target,1,17562.75
2024-04-30T16:05:00,SE2,1,17593.25
2024-04-30T16:05:01,Profit target,1,17557.25
2024-04-30T16:05:24,LE2,1,17565.00
2024-04-30T16:05:54,Profit target,1,17601.00
2024-04-30T16:15:35,LE2,1,17547.75
2024-04-30T16:15:38,Parabolic stop,1,17528.25
2024-04-30T16:19:36,LE2,1,17503.75
2024-04-30T16:26:53,Parabolic stop,1,17517.00
2024-04-30T18:00:33,LE2,1,17485.25
2024-04-30T18:03:56,Parabolic stop,1,17478.25
2024-05-01T03:22:01,LE2,1,17495.00
2024-05-01T03:23:25,Parabolic stop,1,17473.75
2024-05-01T04:05:48,LE2,1,17482.75
2024-05-01T04:07:22,Parabolic stop,1,17462.00
2024-05-01T05:52:38,LE2,1,17445.25
2024-05-01T05:52:38,LE1,1,17438.25
2024-05-01T05:52:38,Parabolic stop,1,17423.00
2024-05-01T06:29:56,Parabolic stop,1,17416.25
2024-05-01T06:46:35,LE2,1,17441.75
2024-05-01T07:22:59,Parabolic stop,1,17454.50
2024-05-01T09:35:44,LE2,1,17496.25
2024-05-01T09:45:12,Parabolic stop,1,17481.75
2024-05-01T10:00:02,LE2,1,17491.75
2024-05-01T10:00:02,Parabolic stop,1,17473.50
2024-05-01T10:01:06,LE2,1,17470.75
2024-05-01T10:01:32,Parabolic stop,1,17459.50
2024-05-01T10:14:10,LE2,1,17456.25
2024-05-01T10:28:08,Parabolic stop,1,17462.50
2024-05-01T11:22:33,LE2,1,17439.75
2024-05-01T11:40:49,Profit target,1,17475.75
2024-05-01T12:04:33,LE2,1,17428.25
2024-05-01T12:17:10,Profit target,1,17464.25
2024-05-01T13:41:17,SE1,1,17451.25
2024-05-01T13:41:17,SE2,1,17451.25
2024-05-01T13:55:12,Parabolic stop,1,17472.50
2024-05-01T13:55:12,Parabolic stop,1,17472.50
2024-05-01T14:00:23,SE1,1,17478.00
2024-05-01T14:00:23,SE2,1,17478.00
2024-05-01T14:00:41,Parabolic stop,1,17498.50
2024-05-01T14:00:41,Parabolic stop,1,17498.50
2024-05-01T14:40:07,SE1,1,17602.75
2024-05-01T14:40:07,SE2,1,17602.75
2024-05-01T14:40:24,Parabolic stop,1,17624.50
2024-05-01T14:40:24,Parabolic stop,1,17624.50
2024-05-01T14:43:09,SE1,1,17663.50
2024-05-01T14:43:09,SE2,1,17663.50
2024-05-01T14:43:42,Parabolic stop,1,17683.75
2024-05-01T14:43:42,Parabolic stop,1,17683.75
2024-05-01T14:47:48,LE2,1,17673.00
2024-05-01T14:47:48,LE1,1,17665.75
2024-05-01T14:48:06,Profit target,1,17687.75
2024-05-01T14:48:26,Parabolic stop,1,17685.50
2024-05-01T14:57:51,SE1,1,17726.00
2024-05-01T14:57:51,SE2,1,17726.00
2024-05-01T14:58:40,Parabolic stop,1,17747.50
2024-05-01T14:58:40,Parabolic stop,1,17747.50
2024-05-01T15:05:46,LE2,1,17740.50
2024-05-01T15:05:46,LE1,1,17733.25
2024-05-01T15:06:10,Parabolic stop,1,17727.25
2024-05-01T15:08:36,Profit target,1,17755.25
2024-05-01T15:16:03,SE1,1,17756.00
2024-05-01T15:16:03,SE2,1,17756.00
2024-05-01T15:20:01,Profit target,1,17734.00
2024-05-01T15:20:07,Profit target,1,17720.00
2024-05-01T15:23:33,LE2,1,17709.75
2024-05-01T15:24:25,Profit target,1,17745.75
2024-05-01T15:33:19,LE2,1,17659.25
2024-05-01T15:33:40,Parabolic stop,1,17646.75
2024-05-01T15:39:58,LE2,1,17566.25
2024-05-01T15:40:53,Profit target,1,17602.25
2024-05-01T16:00:11,LE2,1,17455.50
2024-05-01T16:01:33,Parabolic stop,1,17461.75
2024-05-02T06:25:37,SE1,1,17585.25
2024-05-02T06:25:37,SE2,1,17585.25
2024-05-02T07:08:54,Parabolic stop,1,17608.00
2024-05-02T07:08:54,Parabolic stop,1,17608.00
2024-05-02T07:32:14,SE1,1,17592.25
2024-05-02T07:32:14,SE2,1,17592.25
2024-05-02T07:56:10,Profit target,1,17570.25
2024-05-02T08:13:03,Parabolic stop,1,17597.50
2024-05-02T08:32:11,LE2,1,17585.75
2024-05-02T08:45:17,Parabolic stop,1,17601.00
2024-05-02T09:38:33,LE2,1,17547.25
2024-05-02T09:39:04,Parabolic stop,1,17527.50
2024-05-02T09:42:06,LE2,1,17544.75
2024-05-02T09:42:06,LE1,1,17537.25
2024-05-02T09:45:15,Parabolic stop,1,17527.50
2024-05-02T09:47:45,Parabolic stop,1,17523.50
2024-05-02T09:54:46,LE2,1,17510.25
2024-05-02T09:54:46,LE1,1,17502.75
2024-05-02T09:57:05,Profit target,1,17524.75
2024-05-02T09:59:54,Parabolic stop,1,17499.50
2024-05-02T10:03:58,LE2,1,17470.00
2024-05-02T10:04:33,Parabolic stop,1,17451.00
2024-05-02T10:10:37,LE2,1,17413.50
2024-05-02T10:13:38,Profit target,1,17449.50
2024-05-02T10:36:46,SE1,1,17501.75
2024-05-02T10:36:46,SE2,1,17501.75
2024-05-02T10:39:22,Profit target,1,17479.75
2024-05-02T10:42:37,Profit target,1,17465.75
2024-05-02T12:39:51,LE2,1,17522.25
2024-05-02T13:07:00,Profit target,1,17558.25
2024-05-02T15:03:57,SE1,1,17651.00
2024-05-02T15:03:57,SE2,1,17651.00
2024-05-02T15:05:55,Parabolic stop,1,17672.75
2024-05-02T15:05:55,Parabolic stop,1,17672.75
2024-05-02T16:30:04,SE1,1,17700.00
2024-05-02T16:30:04,SE2,1,17700.00
2024-05-02T16:30:04,Parabolic stop,1,17722.25
2024-05-02T16:30:04,Parabolic stop,1,17722.25
2024-05-03T04:01:18,LE2,1,17749.50
2024-05-03T06:05:14,Parabolic stop,1,17756.25
2024-05-03T08:29:50,SE1,1,17791.25
2024-05-03T08:29:50,SE2,1,17791.25
2024-05-03T08:29:54,Profit target,1,17769.25
2024-05-03T08:29:59,Profit target,1,17755.25
2024-05-03T08:37:18,SE1,1,17942.00
2024-05-03T08:37:18,SE2,1,17942.00
2024-05-03T08:41:06,Profit target,1,17920.00
2024-05-03T08:44:18,Profit target,1,17906.00
2024-05-03T09:51:12,SE1,1,17987.75
2024-05-03T09:51:12,SE2,1,17987.75
2024-05-03T09:53:19,Parabolic stop,1,18007.25
2024-05-03T09:53:19,Parabolic stop,1,18007.25
2024-05-03T10:00:10,SE1,1,18030.00
2024-05-03T10:00:10,SE2,1,18030.00
2024-05-03T10:00:13,Profit target,1,18008.00
2024-05-03T10:00:17,Profit target,1,17994.00
2024-05-03T10:02:20,LE2,1,17979.00
2024-05-03T10:02:23,Parabolic stop,1,17963.25
2024-05-03T10:05:35,LE2,1,17959.00
2024-05-03T10:06:51,Parabolic stop,1,17949.25
2024-05-03T10:09:58,LE2,1,17949.25
2024-05-03T10:10:20,Parabolic stop,1,17929.75
2024-05-03T10:17:28,LE2,1,17940.25
2024-05-03T10:17:46,Parabolic stop,1,17918.00
2024-05-03T10:22:21,LE2,1,17929.50
2024-05-03T10:24:41,Parabolic stop,1,17916.75
2024-05-03T10:27:44,LE2,1,17924.00
2024-05-03T10:29:14,Profit target,1,17960.00
2024-05-03T11:16:30,LE2,1,17924.00
2024-05-03T11:32:03,Profit target,1,17960.00
2024-05-03T14:55:38,SE1,1,18009.00
2024-05-03T14:55:38,SE2,1,18009.00
2024-05-06T02:27:23,LE2,1,18012.50
2024-05-06T03:15:02,Parabolic stop,1,18000.50
2024-05-06T09:41:57,SE1,1,18081.75
2024-05-06T09:41:57,SE2,1,18081.75
2024-05-06T09:49:13,Parabolic stop,1,18103.00
2024-05-06T09:49:13,Parabolic stop,1,18103.00
2024-05-06T12:32:26,LE2,1,18095.00
2024-05-06T12:47:09,Parabolic stop,1,18091.50
2024-05-06T16:59:59,SE1,1,18188.50
2024-05-06T16:59:59,SE2,1,18188.50
2024-05-06T21:05:25,Parabolic stop,1,18194.00
2024-05-06T21:05:25,Parabolic stop,1,18194.00
2024-05-07T08:44:39,LE2,1,18179.75
2024-05-07T09:31:19,Profit target,1,18215.75
2024-05-07T11:34:39,SE1,1,18243.50
2024-05-07T11:34:39,SE2,1,18243.50
2024-05-07T13:27:51,Parabolic stop,1,18259.50
2024-05-07T13:27:51,Parabolic stop,1,18259.50
2024-05-07T14:05:19,LE2,1,18211.50
2024-05-07T14:05:19,LE1,1,18204.25
2024-05-07T14:05:19,Parabolic stop,1,18189.25
2024-05-07T14:19:56,Parabolic stop,1,18181.00
2024-05-07T14:51:19,LE2,1,18195.50
2024-05-07T14:51:19,LE1,1,18188.25
2024-05-07T15:50:00,Profit target,1,18210.25
2024-05-07T15:50:08,Parabolic stop,1,18196.50
2024-05-07T15:55:19,SE1,1,18200.00
2024-05-07T15:55:19,SE2,1,18200.00
2024-05-07T20:02:48,LE2,1,18210.75
2024-05-07T21:15:29,Parabolic stop,1,18189.75
2024-05-08T05:27:54,SE1,1,18197.25
2024-05-08T05:27:54,SE2,1,18197.25
2024-05-08T07:01:25,Profit target,1,18175.25
2024-05-08T07:14:02,Profit target,1,18161.25
2024-05-08T09:31:08,LE2,1,18099.50
2024-05-08T09:46:17,Profit target,1,18135.50
2024-05-08T13:44:34,LE2,1,18166.25
2024-05-08T14:16:29,Parabolic stop,1,18171.00
2024-05-08T16:59:59,LE2,1,18156.50
2024-05-09T02:02:50,Parabolic stop,1,18143.00
2024-05-09T03:07:01,LE2,1,18161.25
2024-05-09T03:07:01,LE1,1,18154.00
2024-05-09T03:07:01,Parabolic stop,1,18139.00
2024-05-09T03:28:23,Parabolic stop,1,18130.50
2024-05-09T06:02:03,LE2,1,18133.50
2024-05-09T06:25:16,Parabolic stop,1,18132.25
2024-05-09T09:31:51,SE1,1,18188.25
2024-05-09T09:31:51,SE2,1,18188.25
2024-05-09T09:36:11,Profit target,1,18166.25
2024-05-09T09:40:02,Profit target,1,18152.25
2024-05-10T07:53:24,SE1,1,18286.50
2024-05-10T07:53:24,SE2,1,18286.50
2024-05-10T08:46:28,Profit target,1,18264.50
2024-05-10T08:57:17,Profit target,1,18250.50
2024-05-10T10:41:56,LE2,1,18246.25
2024-05-10T10:43:09,Parabolic stop,1,18228.75
2024-05-10T10:58:55,LE2,1,18219.25
2024-05-10T11:28:52,Parabolic stop,1,18218.25
2024-05-10T13:08:40,SE1,1,18231.75
2024-05-10T13:08:40,SE2,1,18231.75
2024-05-10T13:46:44,Profit target,1,18209.75
2024-05-10T13:52:15,Parabolic stop,1,18236.75
2024-05-20T16:59:59,LE2,1,18747.50
2024-05-21T05:20:40,Parabolic stop,1,18734.00
2024-05-21T07:07:36,LE2,1,18758.75
2024-05-21T07:07:36,LE1,1,18751.25
2024-05-21T07:07:36,Parabolic stop,1,18737.25
2024-05-21T08:30:00,Parabolic stop,1,18730.25
2024-05-21T09:34:08,LE2,1,18705.50
2024-05-21T09:35:08,Parabolic stop,1,18687.25
2024-05-22T03:07:12,SE1,1,18803.75
2024-05-22T03:07:12,SE2,1,18803.75
2024-05-22T05:19:17,Profit target,1,18781.75
2024-05-22T06:29:02,Profit target,1,18767.75
2024-05-22T10:07:13,SE1,1,18812.50
2024-05-22T10:07:13,SE2,1,18812.50
2024-05-22T11:05:08,Parabolic stop,1,18834.00
2024-05-22T11:05:08,Parabolic stop,1,18834.00
2024-05-22T12:08:43,LE2,1,18828.50
2024-05-22T12:10:17,Parabolic stop,1,18806.50
2024-05-22T13:15:52,LE2,1,18818.50
2024-05-22T13:25:03,Parabolic stop,1,18798.25
2024-05-22T14:01:03,LE2,1,18763.75
2024-05-22T14:01:04,Parabolic stop,1,18740.00
2024-05-22T14:04:39,LE2,1,18731.00
2024-05-22T14:06:15,Parabolic stop,1,18738.00
2024-05-22T14:23:06,LE2,1,18723.50
2024-05-22T14:23:06,LE1,1,18716.00
2024-05-22T14:24:36,Parabolic stop,1,18702.75
2024-05-22T14:28:00,Parabolic stop,1,18696.25
2024-05-22T14:47:20,LE2,1,18713.75
2024-05-22T15:08:12,Parabolic stop,1,18713.50
2024-05-22T16:20:21,LE2,1,18739.50
2024-05-22T16:20:25,Profit target,1,18775.50
2024-05-22T16:31:19,LE2,1,18819.75
2024-05-22T16:31:19,LE1,1,18812.25
2024-05-22T16:31:19,Parabolic stop,1,18796.75
2024-05-22T16:34:18,Parabolic stop,1,18790.25
2024-05-22T16:35:05,LE2,1,18792.75
2024-05-22T16:39:21,Parabolic stop,1,18795.75
2024-05-23T10:00:33,LE2,1,18867.00
2024-05-23T10:03:28,Parabolic stop,1,18848.75
2024-05-23T11:01:00,LE2,1,18832.25
2024-05-23T11:08:22,Profit target,1,18868.25
2024-05-23T13:28:54,LE2,1,18843.50
2024-05-23T13:29:06,Parabolic stop,1,18822.50
2024-05-23T13:40:29,LE2,1,18807.50
2024-05-23T13:40:53,Parabolic stop,1,18784.75
2024-05-23T14:08:28,LE2,1,18710.25
2024-05-23T14:08:28,LE1,1,18703.00
2024-05-23T14:10:10,Parabolic stop,1,18688.25
2024-05-23T14:18:51,Parabolic stop,1,18694.75
2024-05-23T14:26:35,LE2,1,18695.75
2024-05-23T14:26:45,Parabolic stop,1,18674.00
2024-05-23T14:37:19,LE2,1,18684.25
2024-05-23T14:41:27,Parabolic stop,1,18671.75
2024-05-23T15:01:31,LE2,1,18656.50
2024-05-23T15:01:59,Parabolic stop,1,18636.75
2024-05-23T15:09:18,LE2,1,18650.75
2024-05-23T15:09:18,LE1,1,18643.25
2024-05-23T15:09:18,Parabolic stop,1,18628.00
2024-05-23T15:20:10,Profit target,1,18665.25
2024-05-24T08:55:11,SE1,1,18751.75
2024-05-24T08:55:11,SE2,1,18751.75
2024-05-24T09:29:27,Parabolic stop,1,18768.50
2024-05-24T09:29:27,Parabolic stop,1,18768.50
2024-05-24T09:34:08,LE2,1,18761.75
2024-05-24T09:35:01,Parabolic stop,1,18749.75
2024-05-24T13:26:18,LE2,1,18904.50
2024-05-24T13:26:18,LE1,1,18897.00
2024-05-24T13:26:18,Parabolic stop,1,18881.75
2024-05-24T14:03:30,Profit target,1,18919.00
2024-05-24T15:06:56,LE2,1,18864.00
2024-05-24T15:06:56,LE1,1,18856.75
2024-05-24T15:38:08,Profit target,1,18878.75
2024-05-24T15:38:16,Parabolic stop,1,18855.25
2024-05-27T01:04:35,LE2,1,18862.50
2024-05-27T02:56:19,Parabolic stop,1,18865.75
2024-05-28T11:06:14,SE1,1,18907.50
2024-05-28T11:06:14,SE2,1,18907.50
2024-05-28T11:30:04,Parabolic stop,1,18931.50
2024-05-28T11:30:04,Parabolic stop,1,18931.50
2024-05-28T12:20:10,SE1,1,18918.50
2024-05-28T12:20:10,SE2,1,18918.50
2024-05-28T12:46:29,Parabolic stop,1,18940.25
2024-05-28T12:46:29,Parabolic stop,1,18940.25
2024-05-28T14:06:29,LE2,1,18920.25
2024-05-28T14:06:29,LE1,1,18912.75
2024-05-28T14:11:57,Parabolic stop,1,18894.75
2024-05-28T14:18:05,Parabolic stop,1,18896.25
2024-05-28T14:55:12,LE2,1,18848.50
2024-05-28T15:09:51,Parabolic stop,1,18864.00
2024-05-29T04:04:30,LE2,1,18875.00
2024-05-29T04:04:30,LE1,1,18867.50
2024-05-29T04:04:30,Parabolic stop,1,18851.75
2024-05-29T04:07:59,Parabolic stop,1,18843.25
2024-05-29T06:12:09,LE2,1,18827.00
2024-05-29T06:24:52,Parabolic stop,1,18806.50
2024-05-29T07:52:27,LE2,1,18824.75
2024-05-29T08:15:33,Parabolic stop,1,18806.50
2024-05-29T09:30:29,LE2,1,18783.75
2024-05-29T09:38:54,Parabolic stop,1,18794.75
2024-05-29T10:03:01,SE1,1,18826.75
2024-05-29T10:03:01,SE2,1,18826.75
2024-05-29T10:14:21,Parabolic stop,1,18842.00
2024-05-29T10:14:21,Parabolic stop,1,18842.00
2024-05-29T12:21:17,LE2,1,18850.50
2024-05-29T12:54:13,Parabolic stop,1,18852.50
2024-05-29T13:50:36,LE2,1,18846.00
2024-05-29T13:58:10,Parabolic stop,1,18840.50
2024-05-29T15:21:54,LE2,1,18842.25
2024-05-29T15:28:58,Parabolic stop,1,18837.00
2024-05-29T16:00:00,LE2,1,18814.00
2024-05-29T16:00:00,LE1,1,18806.50
2024-05-29T16:00:00,Parabolic stop,1,18791.75
2024-05-29T16:27:35,Parabolic stop,1,18784.25
2024-05-29T16:59:59,LE2,1,18757.00
2024-05-29T18:00:32,Parabolic stop,1,18738.00
2024-05-30T03:11:47,LE2,1,18686.25
2024-05-30T03:11:47,LE1,1,18678.75
2024-05-30T03:42:06,Profit target,1,18700.75
2024-05-30T04:33:57,Profit target,1,18722.25
2024-05-30T10:16:26,LE2,1,18713.50
2024-05-30T10:22:31,Parabolic stop,1,18705.00
2024-05-30T10:50:16,LE2,1,18675.50
2024-05-30T10:50:24,Parabolic stop,1,18653.00
2024-05-30T11:17:21,LE2,1,18653.25
2024-05-30T11:34:50,Profit target,1,18689.25
2024-05-30T14:17:48,LE2,1,18681.00
2024-05-30T14:20:39,Parabolic stop,1,18663.00
2024-05-30T15:30:04,LE2,1,18642.00
2024-05-30T15:30:26,Parabolic stop,1,18619.75
2024-05-30T15:51:28,LE2,1,18576.25
2024-05-30T15:54:24,Profit target,1,18612.25
2024-05-30T21:01:25,LE2,1,18530.25
2024-05-30T22:18:43,Parabolic stop,1,18540.50
2024-05-31T04:09:46,LE2,1,18543.75
2024-05-31T04:25:02,Parabolic stop,1,18550.50
2024-05-31T06:59:31,LE2,1,18513.75
2024-05-31T07:36:02,Profit target,1,18549.75
2024-05-31T08:30:10,SE1,1,18595.00
2024-05-31T08:30:10,SE2,1,18595.00
2024-05-31T08:30:18,Profit target,1,18573.00
2024-05-31T08:30:31,Parabolic stop,1,18604.00
2024-05-31T09:48:01,LE2,1,18590.25
2024-05-31T09:48:01,LE1,1,18582.75
2024-05-31T09:48:56,Parabolic stop,1,18569.00
2024-05-31T09:50:41,Parabolic stop,1,18560.25
2024-05-31T10:04:39,LE2,1,18535.00
2024-05-31T10:08:09,Parabolic stop,1,18522.25
2024-05-31T10:38:34,LE2,1,18392.75
2024-05-31T10:38:34,LE1,1,18385.25
2024-05-31T10:38:34,Parabolic stop,1,18369.50
2024-05-31T10:43:40,Parabolic stop,1,18364.00
2024-05-31T10:55:45,LE2,1,18387.50
2024-05-31T10:57:04,Parabolic stop,1,18379.75
2024-05-31T11:35:39,LE2,1,18335.75
2024-05-31T11:35:39,LE1,1,18328.25
2024-05-31T11:37:35,Parabolic stop,1,18317.00
2024-05-31T11:50:33,Parabolic stop,1,18311.25
2024-05-31T12:30:51,LE2,1,18270.75
2024-05-31T12:43:23,Parabolic stop,1,18274.00
2024-05-31T14:41:07,LE2,1,18339.25
2024-05-31T14:45:16,Parabolic stop,1,18346.00
2024-05-31T16:00:03,SE1,1,18585.00
2024-05-31T16:00:03,SE2,1,18585.00
2024-05-31T16:01:10,Parabolic stop,1,18607.00
2024-05-31T16:01:10,Parabolic stop,1,18607.00
2024-05-31T16:59:59,LE2,1,18642.00
2024-06-03T02:39:05,Parabolic stop,1,18656.50
2024-06-03T09:35:44,SE1,1,18710.50
2024-06-03T09:35:44,SE2,1,18710.50
2024-06-03T09:37:41,Parabolic stop,1,18732.25
2024-06-03T09:37:41,Parabolic stop,1,18732.25
2024-06-03T10:13:29,LE2,1,18676.25
2024-06-03T10:15:04,Parabolic stop,1,18687.25
2024-06-03T10:20:29,SE1,1,18683.50
2024-06-03T10:20:29,SE2,1,18683.50
2024-06-03T10:24:08,Parabolic stop,1,18706.25
2024-06-03T10:24:08,Parabolic stop,1,18706.25
2024-06-03T12:27:10,LE2,1,18517.25
2024-06-03T12:27:10,LE1,1,18509.75
2024-06-03T12:27:10,Parabolic stop,1,18495.50
2024-06-03T12:31:45,Parabolic stop,1,18488.25
2024-06-03T12:37:31,LE2,1,18501.50
2024-06-03T12:50:49,Parabolic stop,1,18489.00
2024-06-03T12:54:44,LE2,1,18496.75
2024-06-03T12:54:46,Parabolic stop,1,18475.00
2024-06-03T13:14:30,LE2,1,18464.50
2024-06-03T13:20:43,Profit target,1,18500.50
2024-06-03T14:21:05,LE2,1,18556.50
2024-06-03T14:26:19,Parabolic stop,1,18544.25
2024-06-09T19:11:44,SE1,1,19037.50
2024-06-09T19:11:44,SE2,1,19037.50
2024-06-09T20:16:17,Profit target,1,19015.50
2024-06-09T23:10:38,Parabolic stop,1,19047.50
2024-06-10T05:41:52,LE2,1,19003.00
2024-06-10T06:34:37,Parabolic stop,1,19019.50
2024-06-10T11:59:27,SE1,1,19092.25
2024-06-10T11:59:27,SE2,1,19092.25
2024-06-10T12:16:22,Parabolic stop,1,19118.25
2024-06-10T12:16:22,Parabolic stop,1,19118.25
2024-06-10T14:36:44,LE2,1,19062.75
2024-06-10T15:03:09,Profit target,1,19098.75
2024-06-11T01:59:12,LE2,1,19104.50
2024-06-11T02:01:02,Parabolic stop,1,19085.00
2024-06-11T07:54:46,LE2,1,19057.25
2024-06-11T09:35:12,Parabolic stop,1,19068.75
2024-06-11T09:52:00,LE2,1,19033.25
2024-06-11T09:52:04,Parabolic stop,1,19010.50
2024-06-11T09:58:05,LE2,1,19022.75
2024-06-11T10:05:03,Profit target,1,19058.75
2024-06-11T13:22:08,SE1,1,19118.75
2024-06-11T13:22:08,SE2,1,19118.75
2024-06-11T13:37:30,Parabolic stop,1,19140.00
2024-06-11T13:37:30,Parabolic stop,1,19140.00
2024-06-11T14:44:45,SE1,1,19210.50
2024-06-11T14:44:45,SE2,1,19210.50
2024-06-11T15:21:19,Profit target,1,19188.50
2024-06-11T15:54:09,Parabolic stop,1,19219.50
2024-06-11T20:52:01,SE1,1,19248.25
2024-06-11T20:52:01,SE2,1,19248.25
2024-06-12T02:10:41,Parabolic stop,1,19270.75
2024-06-12T02:10:41,Parabolic stop,1,19270.75
2024-06-12T08:30:20,SE1,1,19431.00
2024-06-12T08:30:20,SE2,1,19431.00
2024-06-12T08:30:22,Profit target,1,19409.00
2024-06-12T08:30:26,Parabolic stop,1,19419.75
2024-06-12T08:49:28,LE2,1,19412.75
2024-06-12T09:15:25,Parabolic stop,1,19398.25
2024-06-12T09:31:42,LE2,1,19404.75
2024-06-12T09:34:57,Parabolic stop,1,19416.75
2024-06-12T11:05:39,LE2,1,19516.50
2024-06-12T11:08:14,Parabolic stop,1,19499.75
2024-06-12T13:12:47,LE2,1,19523.75
2024-06-12T13:26:18,Parabolic stop,1,19511.25
2024-06-12T13:58:49,LE2,1,19520.75
2024-06-12T13:58:49,LE1,1,19513.25
2024-06-12T13:58:49,Parabolic stop,1,19464.75
2024-06-12T14:00:01,Parabolic stop,1,19464.75
2024-06-12T14:00:08,LE2,1,19478.25
2024-06-12T14:00:09,Parabolic stop,1,19472.00
2024-06-12T14:02:36,SE1,1,19511.25
2024-06-12T14:02:36,SE2,1,19511.25
2024-06-12T14:03:03,Profit target,1,19489.25
2024-06-12T14:05:01,Profit target,1,19475.25
2024-06-12T14:10:00,LE2,1,19498.25
2024-06-12T14:10:03,Parabolic stop,1,19480.75
2024-06-12T14:51:03,LE2,1,19504.25
2024-06-12T14:51:03,LE1,1,19497.00
2024-06-12T14:51:03,Parabolic stop,1,19478.00
2024-06-12T14:53:01,Parabolic stop,1,19465.75
2024-06-12T14:54:19,LE2,1,19494.50
2024-06-12T14:54:19,LE1,1,19487.00
2024-06-12T14:56:27,Profit target,1,19509.00
2024-06-12T14:57:32,Parabolic stop,1,19510.50
2024-06-12T15:30:36,LE2,1,19471.25
2024-06-12T15:31:00,Parabolic stop,1,19450.00
2024-06-12T15:32:41,LE2,1,19471.25
2024-06-12T15:32:41,Parabolic stop,1,19446.00
2024-06-12T15:44:52,LE2,1,19461.00
2024-06-12T15:44:52,LE1,1,19453.50
2024-06-12T15:47:31,Profit target,1,19475.50
2024-06-12T15:49:18,Profit target,1,19497.00
2024-06-13T10:00:49,LE2,1,19644.25
2024-06-13T10:01:11,Parabolic stop,1,19622.00
2024-06-13T10:29:05,LE2,1,19564.75
2024-06-13T10:30:17,Parabolic stop,1,19560.50
2024-06-13T10:49:45,LE2,1,19584.75
2024-06-13T10:50:14,Parabolic stop,1,19563.50
2024-06-13T12:32:04,LE2,1,19529.75
2024-06-13T12:45:43,Parabolic stop,1,19523.00
2024-06-13T14:07:04,LE2,1,19577.00
2024-06-13T15:04:38,Profit target,1,19613.00
2024-06-14T06:10:16,LE2,1,19553.00
2024-06-14T06:10:16,LE1,1,19545.50
2024-06-14T06:10:16,Parabolic stop,1,19531.00
2024-06-14T06:23:31,Parabolic stop,1,19521.75
2024-06-14T06:30:47,LE2,1,19550.00
2024-06-14T06:38:16,Parabolic stop,1,19534.75
2024-06-14T07:10:26,LE2,1,19530.75
2024-06-14T07:35:46,Profit target,1,19566.75
2024-06-14T10:00:09,SE1,1,19626.25
2024-06-14T10:00:09,SE2,1,19626.25
2024-06-14T10:09:09,Profit target,1,19604.25
2024-06-14T10:12:34,Profit target,1,19590.25
2024-06-14T10:29:05,SE1,1,19627.50
2024-06-14T10:29:05,SE2,1,19627.50
2024-06-14T10:32:33,Profit target,1,19605.50
2024-06-14T10:36:07,Profit target,1,19591.50
2024-06-14T11:54:04,LE2,1,19592.50
2024-06-14T12:10:16,Profit target,1,19628.50
2024-06-14T13:57:54,SE1,1,19655.50
2024-06-14T13:57:54,SE2,1,19655.50
2024-06-14T14:16:29,Profit target,1,19633.50
2024-06-14T14:23:04,Parabolic stop,1,19657.25
